Macroregiao,name,Populacao,Crime/1000hab,Furto/1000hab,Roubo/1000hab,HomDol/1000hab,PosseDrogas/1000hab,Trafico/1000hab,Educacao,Renda,Sa√∫de,PIB,PIB por habitante,regiao
Centro-Oeste,AGUDO,17044,10.1501994837,7.9206758977,0.4693733865,0,0.1760150199,0.2933583666,0.626188886205752,0.688770692745747,0.793492683593604,2939843673,95793.2,Female
Centro-Oeste,ALEGRETE,78056,16.8340678487,11.2483345291,1.1530183458,0.1409244645,1.1530183458,0.7814902122,0.744784422258116,0.629796201934745,0.806050767339717,13011543179,85310.02,Female
Centro-Oeste,BARRA DO QUARAI,3579,15.9262363789,13.6909751327,0.8382229673,0,0.5588153115,0.2794076558,0.709609375834349,0.598657408522338,0.801579472670476,1218572294,145204.6,Female
Centro-Oeste,CACEQUI,13430,23.0826507818,20.253164557,0.5212211467,0,0.3723008191,0.0744601638,0.67023977398117,0.573963778422486,0.781164101566575,1992540562,78233.59,Female
Centro-Oeste,CAPAO DO CIPO,3042,11.1768573307,7.8895463511,0.328731098,0,0,0,0.592143440053577,0.765932498121475,0.839427028329774,1367163488,265304.69,Female
Centro-Oeste,DILERMANDO DE AGUIAR,2930,20.4778156997,17.747440273,0.3412969283,0,0,0,0.583863129258508,0.660796193470703,0.855321879011316,616292895,114054.31,Female
Centro-Oeste,DONA FRANCISCA,3319,16.5712564025,12.9557095511,0.6025911419,0,0.301295571,0.301295571,0.808172728570591,0.596806858480521,0.833763768875684,476896283,76356.64,Female
Centro-Oeste,FAXINAL DO SOTURNO,6792,10.6007067138,7.9505300353,1.0306242638,0,0.1472320377,0.2944640754,0.717546193040489,0.665355570619952,0.851991933118097,1102766209,96524.74,Female
Centro-Oeste,FORMIGUEIRO,6768,12.5591016548,9.3085106383,0.1477541371,0.1477541371,0,0.4432624113,0.695588661336421,0.610507182384017,0.788372576346454,1029469844,77956.08,Female
Centro-Oeste,ITAARA,5133,15.3906097799,11.6890707189,0.9740892266,0,0.1948178453,0.3896356906,0.771207197417688,0.633067167301929,0.804113631932667,559303928,61942.26,Female
Centro-Oeste,ITAQUI,39201,17.2954771562,8.6222290248,1.3520063264,0,1.2244585597,3.9539807658,0.70844217608042,0.643262548023086,0.732856620550148,8312419533,112149.04,Female
Centro-Oeste,IVORA,2121,10.843941537,10.372465818,0,0,0,0,0.771040616846762,0.621333668119183,0.842754301077677,326146311,82520.69,Female
Centro-Oeste,JAGUARI,11247,8.5356094959,5.7793189295,0.3556503957,0,0.2667377967,0.7113007913,0.69257947747165,0.640318809725282,0.822985654062328,1512973870,71884.7,Female
Centro-Oeste,JARI,3566,8.9736399327,8.4127874369,0,0,0,0,0.54297774523339,0.699771792895489,0.819839665339944,925253631,148077.07,Female
Centro-Oeste,JULIO DE CASTILHOS,19722,19.4199371261,13.2339519319,1.4704391035,0.15211439,0.8112767468,0.5070479667,0.707965628774723,0.777545102826118,0.815823635401979,5165859709,156127.6,Female
Centro-Oeste,MACAMBARA,4427,8.809577592,8.1319177773,0,0,0,0.2258866049,0.637832621145949,0.689401623323586,0.824722084489792,1504839155,151613.76,Female
Centro-Oeste,MANOEL VIANA,6763,11.3854798166,8.1324855833,0.2957267485,0,0.2957267485,0.4435901227,0.59078356755384,0.651355249779009,0.802312102007304,1229878855,93664.42,Female
Centro-Oeste,MATA,4923,12.3908186065,10.3595368678,0,0,0,0,0.619958528445675,0.548020116326506,0.80212593614909,628149872,67630.09,Female
Centro-Oeste,NOVA ESPERANCA DO SUL,4807,8.9452881215,6.656958602,0,0,0.4160599126,0,0.748205340537069,0.679136436205334,0.808817455416488,1094605893,111836.31,Female
Centro-Oeste,NOVA PALMA,6310,11.2519809826,8.0824088748,0.6339144216,0,0,0,0.709176042645999,0.746089045136106,0.870117420476019,1622355721,112971.37,Female
Centro-Oeste,PARAISO DO SUL,7318,6.8324678874,5.4659743099,0.2732987155,0,0,0,0.581728763837198,0.595430445040623,0.792460742299696,953844246,67927.72,Female
Centro-Oeste,PINHAL GRANDE,4369,10.7576104372,8.9265278096,0.2288853285,0,0,0,0.643044299798381,0.581380811575891,0.865917689267729,3319978293,248726.76,Female
Centro-Oeste,QUARAI,22603,18.4046365527,14.4228642216,0.3981772331,0.0442419148,0.4866610627,0.2654514887,0.706606234603554,0.525982878908107,0.756029751486158,2736526791,61755.16,Female
Centro-Oeste,QUEVEDOS,2798,7.1479628306,6.7905646891,0,0,0,0,0.575303218592921,0.715916569997916,0.844275806000207,781310819,164800.37,Female
Centro-Oeste,RESTINGA SECA,15968,13.6523046092,9.5816633267,0.8141282565,0.125250501,0.4383767535,0.501002004,0.628922841902886,0.605694353059371,0.806465171181629,2568374406,84825.06,Female
Centro-Oeste,ROSARIO DO SUL,40814,22.1247611114,16.3914343118,1.396579605,0.1960111726,0.93105307,0.5145293282,0.63982007837341,0.598982190917945,0.784780287452047,5766249999,79079.32,Female
Centro-Oeste,SANTA MARGARIDA DO SUL,2483,12.082158679,10.8739428111,0,0,0,0,0.52118857752423,0.771001187912492,0.808428138430217,51591769766,238867.29,Female
Centro-Oeste,SANTA MARIA,274411,28.406295666,17.6742185991,3.7826471971,0.1056808947,1.3738516313,0.8928213519,0.709380811651896,0.717776039864183,0.808210762219788,878903574,206352.95,Female
Centro-Oeste,SANTANA DO LIVRAMENTO,83494,19.7738759671,13.3063453661,1.2695523032,0.1077921767,1.4132752054,0.4670994323,0.645536048615229,0.595324786733639,0.753710565166698,879667135,59495.58,Female
Centro-Oeste,SANTIAGO,50472,18.8421302901,11.5311459819,0.9906482802,0.0792518624,1.1095260739,1.5255983516,0.735825985732753,0.64580325722353,0.817649191644318,6449900703,73850.36,Female
Centro-Oeste,SAO FRANCISCO DE ASSIS,18945,13.7767220903,11.0319345474,0.2111375033,0,0.1055687516,0.2639218791,0.644683567601832,0.578644917175634,0.812984678585798,2353769298,66610.07,Female
Centro-Oeste,SAO GABRIEL,62069,16.4494353059,11.9061044966,1.0311105383,0.0644444086,0.5799996778,0.6927773929,0.583319003939299,0.617289098497711,0.772139470804202,9944255023,85801.44,Female
Centro-Oeste,SAO JOAO DO POLESINE,2729,7.3286918285,6.2293880542,0,0.3664345914,0,0,0.761067403201184,0.67312119747089,0.854726052549113,396886656,84545.41,Female
Centro-Oeste,SAO MARTINHO DA SERRA,3132,22.6692209451,21.711366539,0,0,0,0,0.513955731146247,0.711187270094434,0.841862317519998,908376312,169757.53,Female
Centro-Oeste,SAO PEDRO DO SUL,16701,21.1364588947,17.3043530328,1.3771630441,0.1197533082,0.0598766541,0.2395066164,0.637281844795402,0.566629930655382,0.809986068488588,2159682297,70579.1,Female
Centro-Oeste,SAO SEPE,23772,19.0139660104,14.4287396938,1.6826518593,0.084132593,0.3785966683,0.5468618543,0.665076789573636,0.633149179349644,0.829906709824442,4234249499,95647.02,Female
Centro-Oeste,SAO VICENTE DO SUL,8567,16.1083226334,14.0072370725,0.2334539512,0,0.2334539512,0.2334539512,0.627368621664537,0.621999920895277,0.802675497960788,1296328563,83798.31,Female
Centro-Oeste,SILVEIRA MARTINS,2439,9.0200902009,7.3800738007,0.4100041,0,0,0,0.657111552548034,0.632375603786859,0.804920228983052,287915123,65914.98,Female
Centro-Oeste,TOROPI,2684,11.5499254844,10.4321907601,0,0,0,0,0.726724342460868,0.580188831498376,0.841975919388954,387834777,72509.9,Female
Centro-Oeste,UNISTALDA,2456,10.1791530945,8.1433224756,0,0,0,0,0.661456356451947,0.483615609292931,0.776050571544459,328959685,73111.84,Female
Centro-Oeste,URUGUAIANA,128580,24.3972624047,15.484523254,4.1219474257,0.1399906673,1.1588116348,0.6921760772,0.691819909850316,0.595853275466786,0.717966002322452,17736357891,72913.65,Female
Centro-Oeste,VILA NOVA DO SUL,4152,25.0481695568,22.1579961464,0.4816955684,0,0,0,0.664556481880454,0.573293465322033,0.8300310861509,583798771,73742.56,Female
Metropolitana,ALVORADA,210326,27.9613552295,9.3188669019,9.242794519,0.4516797733,3.3947300857,1.217158126,0.481303111662444,0.475585127033137,0.745986932486498,15109646172,44024.71,Female
Metropolitana,ARAMBARE,3929,27.9969457877,21.8885212522,1.0180707559,0.254517689,2.0361415118,0,0.674332355471928,0.615961395466795,0.758888950858582,826020327,115076.48,Female
Metropolitana,ARARICA,5519,14.3141873528,9.0596122486,1.9931146947,0.181192245,0.9059612249,0,0.681602956891724,0.61818686211952,0.742235169632829,879083008,106069.16,Female
Metropolitana,ARROIO DO SAL,8555,58.9129164231,45.5873758036,4.0911747516,0.4675628288,1.1689070719,1.6364699006,0.701930934946322,0.617122498266632,0.802925928203776,1154066229,82613.58,Female
Metropolitana,ARROIO DOS RATOS,13956,10.8913728862,6.018916595,1.8629979937,0.214961307,0.6448839209,0.5732301519,0.616959322754496,0.551685044450174,0.771149593679909,1449419239,52884.08,Female
Metropolitana,BALNEARIO PINHAL,11651,43.9447257746,31.2419534804,4.377306669,0.3433181701,1.3732726805,0.5149772552,0.639916138959868,0.523396611942548,0.773760760981524,1110914744,56923.47,Female
Metropolitana,BARAO,5956,6.3801208865,4.5332437878,0.3357958361,0.1678979181,0.5036937542,0,0.745829618892316,0.836823356324382,0.88728636585702,1142339563,131390.39,Female
Metropolitana,BARAO DO TRIUNFO,6874,10.0378236834,8.1466395112,0.5819028222,0,0,0,0.561767324911696,0.479095073580733,0.868309372497047,731588865,54378.99,Female
Metropolitana,BARRA DO RIBEIRO,12984,21.4109673444,15.9426987061,2.4645717807,0.3080714726,0.9242144177,0.3850893407,0.562281536537275,0.583575724658973,0.805056487023755,1958264622,79254.29,Female
Metropolitana,BROCHIER,4642,4.9547608789,3.0159414046,0.215424386,0,0.215424386,0.4308487721,0.726008340925003,0.606904334207073,0.821057900176913,594213050,66124.63,Female
Metropolitana,BUTIA,20775,28.7364620939,22.0938628159,2.1660649819,0.3369434416,0.9626955475,0.770156438,0.652286377778389,0.554463939934974,0.783277555679381,2843351932,72935.09,Female
Metropolitana,CACHOEIRINHA,126586,30.422005593,12.4026353625,6.1934179135,0.1658951227,3.6654922345,1.1138672523,0.665122588540646,0.789054823656385,0.807847432285651,42895424004,214208.48,Female
Metropolitana,CAMAQUA,65307,23.6574946024,16.7363376055,2.0059105456,0.0765614712,1.2249835393,0.5512425927,0.655842185934679,0.640192904771661,0.807002248567638,12137591738,102272.34,Female
Metropolitana,CAMBARA DO SUL,6312,15.3675538657,12.1989860583,0.3168567807,0,0,0.6337135615,0.68397144684005,0.561976958937305,0.791093281275021,1274394326,82998.02,Female
Metropolitana,CAMPO BOM,63424,31.1080978809,14.300580222,6.4171291625,0.0946014127,3.043012109,0.4414732593,0.673512757951676,0.7567446273757,0.825752938344337,19264690968,159801.37,Female
Metropolitana,CANOAS,346413,35.7001613681,16.500535488,7.5430194594,0.2973329523,4.2867906228,0.9814874153,0.593303478618232,0.751263642532104,0.770695962590511,119952739960,164403.37,Female
Metropolitana,CAPAO DA CANOA,46498,49.2279237817,33.8509183191,4.7528925975,0.2795819175,2.7743128737,1.2473654781,0.706320884522826,0.661223529497117,0.790561895372491,7219281262,96907.19,Female
Metropolitana,CAPELA DE SANTANA,11815,14.9809564113,10.1565806179,0.7617435463,0.3385526873,2.285230639,0.0846381718,0.618058354372919,0.518376255921487,0.833205137733899,1163612602,54517.31,Female
Metropolitana,CAPIVARI DO SUL,4195,16.9249106079,11.9189511323,0.7151370679,0,0.4767580453,0.2383790226,0.707268260919932,0.852376475526782,0.843437636178729,1337563108,185875.96,Female
Metropolitana,CARAA,7452,9.1250670961,8.0515297907,0.4025764895,0.1341921632,0.1341921632,0,0.617381564553393,0.493201794734156,0.835745787301153,608544108,42609.52,Female
Metropolitana,CERRO GRANDE DO SUL,10464,13.6659021407,9.747706422,1.3379204893,0.1911314985,0,0.4778287462,0.497747445298542,0.529482377871006,0.843662076783635,1038862169,52865.11,Female
Metropolitana,CHARQUEADAS,36620,22.0098306936,8.4380120153,0.873839432,0.1365374113,4.806116876,3.1949754233,0.773506939946228,0.681370703968541,0.831337118294967,8892067764,132957.58,Female
Metropolitana,CHUVISCA,5038,9.5275903136,8.5351329893,0,0,0,0,0.510748827198225,0.558482720086155,0.819717541931232,678181222,74671.81,Female
Metropolitana,CIDREIRA,13749,62.1136082624,42.8394792349,5.6731398647,0.2909302495,4.8003491163,1.6728489345,0.626003717626894,0.5796327900692,0.739028025601942,1544020957,65791.62,Female
Metropolitana,DOIS IRMAOS,29818,13.2134952042,7.3110201891,0.939030116,0.0335367899,1.8780602321,0.1676839493,0.781166263460682,0.817165244658482,0.874927718909676,10653316038,208851.19,Female
Metropolitana,DOM FELICIANO,14524,10.5342880749,7.2294133847,0.5508124484,0.2065546681,0.1377031121,0.068851556,0.494035669024714,0.397987387404366,0.820101715008012,1521920152,55950.74,Female
Metropolitana,DOM PEDRO DE ALCANTARA,2459,7.3200488003,5.6933712891,1.2200081334,0,0,0,0.717563230178733,0.475546763577911,0.817630502903228,333885930,77956.58,Female
Metropolitana,ELDORADO DO SUL,36554,24.9220331564,14.3896700771,3.7205230618,0.246211085,1.6687640204,1.4499097226,0.585918221017883,0.683319148264929,0.811800358272978,10119304983,121647.89,Female
Metropolitana,ESTANCIA VELHA,46270,17.873352064,9.033931273,3.133779987,0.0216122758,1.3831856494,0.3457964124,0.736983693626291,0.699068846922889,0.83052059306005,9921966069,119503.85,Female
Metropolitana,ESTEIO,85457,42.0211334355,22.4557379735,9.8763120634,0.1521232901,3.5573446295,0.9010379489,0.712684268044565,0.76247540379425,0.782645751914332,22505976686,151007.28,Female
Metropolitana,GENERAL CAMARA,8383,18.37051175,14.7918406298,0.357867112,0,0,0.1192890373,0.679402242908617,0.605613146158644,0.813083263528535,1090711959,62244.13,Female
Metropolitana,GLORINHA,7331,22.2343472923,16.2324375938,2.046105579,0,0,0.4092211158,0.63978390876113,0.767698463721115,0.833630691269311,2820617280,228406.73,Female
Metropolitana,GRAVATAI,270598,28.8028736354,12.5647639672,5.6578393041,0.2697728734,2.3688275597,0.9460528164,0.619347069166052,0.728685225673762,0.800899959934665,75915013810,170025.25,Female
Metropolitana,GUAIBA,100132,20.3331602285,10.7458155235,4.3242919346,0.2296968002,1.3382335317,0.9787081053,0.651971524141186,0.75003762065824,0.782173805841169,31631390893,195495.29,Female
Metropolitana,HARMONIA,4730,4.8625792812,2.9598308668,0.8456659619,0,0,0,0.777242119100189,0.678762835633608,0.890824854811221,769262055,101361.89,Female
Metropolitana,IGREJINHA,33923,20.2517466026,12.5578516051,1.7687114937,0.0884355747,1.7981900186,0.5306134481,0.666749863073566,0.772122151185837,0.795814400685326,10043062246,188286.49,Female
Metropolitana,IMBE,19729,60.8241674692,47.899031882,4.2070049166,0.3548076436,1.8754118303,1.3685437681,0.728214698426505,0.64749413594415,0.732314236676916,2664420743,81072.3,Female
Metropolitana,ITATI,2568,6.230529595,3.5046728972,0.7788161994,0,0,0,0.717198397192344,0.632842918741311,0.778301291606087,409327501,84556.8,Female
Metropolitana,IVOTI,21927,14.8675149359,8.3458749487,0.9577233548,0.045605874,1.8698408355,0.1824234961,0.796316385994803,0.790032922216366,0.86106663958071,6103365081,153924.7,Female
Metropolitana,LINDOLFO COLLOR,5585,7.5201432408,4.4762757386,0,0,1.4324082363,0.1790510295,0.733211046606114,0.731266699102146,0.817123876864782,2087490351,187828.53,Female
Metropolitana,MAMPITUBA,2916,4.8010973937,3.0864197531,0,0.3429355281,0,0,0.586183794057761,0.515100176815438,0.816851958297121,288730874,51994.5,Female
Metropolitana,MAQUINE,6619,17.5253059375,13.8993805711,1.510802236,0,0.3021604472,0.3021604472,0.559148256971087,0.54326588092897,0.805333701503235,652473220,53769.41,Female
Metropolitana,MARATA,2510,4.3824701195,2.7888446215,0,0,0,0,0.594101120100158,0.74412138169356,0.860473601538381,580989089,141115.49,Female
Metropolitana,MARIANA PIMENTEL,3900,17.9487179487,14.8717948718,1.5384615385,0,0.2564102564,0,0.633707981669179,0.580056158840704,0.814674556379326,422070561,58645.11,Female
Metropolitana,MINAS DO LEAO,7787,19.5197123411,18.1071015796,0.6420958007,0,0,0,0.57992836423636,0.619390447381329,0.774526558039854,958319457,66151.43,Female
Metropolitana,MONTENEGRO,62587,29.7985204595,16.0256922364,1.565820378,0.1597775896,8.7558119098,0.9746432965,0.735926451028232,0.793887597979283,0.796428912338436,19881892608,185502.12,Female
Metropolitana,MORRINHOS DO SUL,3297,3.3363663937,2.7297543221,0,0,0,0,0.704239402077982,0.561867574514903,0.845983333237221,393693983,65652,Female
Metropolitana,MORRO REUTER,6059,7.26192441,5.2813995709,0.6601749464,0,0,0,0.782329831499698,0.666272878560645,0.870893349941936,1070625998,95941.98,Female
Metropolitana,MOSTARDAS,12317,20.5407160835,17.0496062353,0.4059430056,0.1623772022,0.649508809,0.4871316067,0.709808800531672,0.617869430948546,0.863158995234048,2310916158,95194.95,Female
Metropolitana,NOVA HARTZ,19159,14.4057623049,8.7165300903,1.304869774,0.1565843729,0.3653635367,0.7829218644,0.638484567624678,0.682898277941489,0.815589902562922,5405292165,178259.94,Female
Metropolitana,NOVA SANTA RITA,24266,18.2559960438,12.3217670815,1.5659770873,0.0824198467,1.4835572406,0.1648396934,0.592464674055743,0.742756361179087,0.799195064867789,6055676254,163549.06,Female
Metropolitana,NOVO HAMBURGO,244817,36.4925638334,14.7824701716,8.1326051704,0.2573350707,2.0668499328,0.9231385075,0.678719503878311,0.747664212590892,0.793317273313563,62898360505,136262.95,Female
Metropolitana,OSORIO,44115,41.1651365749,26.476255242,2.9015074238,0.1133401337,4.4429332427,2.1081264876,0.755901673388914,0.698711131300339,0.826046778034173,12520969214,153190.49,Female
Metropolitana,PALMARES DO SUL,11389,37.2289050839,28.7997190271,1.9316884713,0.3512160857,1.6682764071,0.8780402142,0.758820353894197,0.658232592168303,0.789420542543854,2085163664,101883.05,Female
Metropolitana,PARECI NOVO,3930,8.9058524173,5.3435114504,2.0356234097,0,0.5089058524,0,0.747890617354317,0.644651015690038,0.831795156877196,567339130,83604.78,Female
Metropolitana,PAROBE,53952,18.4608540925,9.9532918149,2.2241992883,0.1668149466,0.5931198102,0.5189798339,0.605629310246972,0.590873613870702,0.800445753753401,8167585162,84264.59,Female
Metropolitana,PORTAO,32607,24.1359217346,13.7393811145,2.7601435275,0.1226730457,1.472076548,0.7053700126,0.674156589850879,0.692980765263897,0.829802947976112,8433407600,141164.39,Female
Metropolitana,PORTO ALEGRE,1476953,51.7579096965,24.3196635235,13.0681206511,0.313483232,0.6804549637,2.0880826946,0.715364495024876,0.903818453046267,0.821364634524818,486087054283,185653.53,Female
Metropolitana,PRESIDENTE LUCENA,2691,7.4321813452,5.2025269417,0,0,0.7432181345,0,0.725473913025065,0.706337811956831,0.849776496214564,450823844,112059.07,Female
Metropolitana,RIOZINHO,4050,14.3209876543,10.6172839506,0.2469135802,0,0.7407407407,0,0.603759624536133,0.661281316261627,0.818351577194907,839458017,102958.88,Female
Metropolitana,ROLANTE,20483,15.134501782,9.8130156715,1.2693453107,0.195283894,1.0252404433,0.195283894,0.717811055203362,0.644416743708237,0.841495900959806,3183048178,95024.69,Female
Metropolitana,SALVADOR DO SUL,6916,9.5430884905,6.9404279931,0.5783689994,0,0.7229612493,0.1445922499,0.714940267786999,0.801795272974076,0.870700351812369,2147629523,156638.65,Female
Metropolitana,SANTA MARIA DO HERVAL,6413,4.8339310775,3.8983315141,0.3118665211,0,0,0,0.688472548968376,0.696510086533699,0.87228751757099,45642759144,96502.84,Female
Metropolitana,SANTO ANTONIO DA PATRULHA,42039,16.6512048336,10.0620852066,1.6175456124,0.1665120483,1.0228597255,0.1427246129,0.695185489879819,0.556451551084461,0.80771266504564,6638876253,96689.07,Female
Metropolitana,SAO FRANCISCO DE PAULA,21336,26.9028871391,19.1226096738,1.4529433821,0,1.3592050994,0.1874765654,0.563173778586412,0.610803755591655,0.777162126241439,3656686598,90249.77,Female
Metropolitana,SAO JERONIMO,23022,24.2376856919,16.7231343932,1.6071583703,0.0868734254,1.4768482321,1.6071583703,0.646055930167602,0.628010960354316,0.781999888992013,3761486712,88379.2,Female
Metropolitana,SAO JOSE DO HORTENCIO,4219,4.9774828158,3.5553448685,0,0,0.9480919649,0,0.696579069343135,0.657182208592219,0.864422877161212,782540484,111074.11,Female
Metropolitana,SAO JOSE DO SUL,2072,8.2046332046,6.2741312741,0,0,1.4478764479,0,0.733242751112485,0.742092320080647,0.811645197581183,380252878,94050.9,Female
Metropolitana,SAO LEOPOLDO,223626,36.4537218391,18.5711858192,7.5572607836,0.2548898607,2.3745002817,1.3504690868,0.633307308358144,0.736654467618044,0.776469767135357,49218162797,123065.68,Female
Metropolitana,SAO PEDRO DA SERRA,3473,4.8949035416,4.0310970343,0.2879355024,0,0,0,0.699235527089206,0.66346426052067,0.861429373816113,419606075,67863.96,Female
Metropolitana,SAO SEBASTIAO DO CAI,23449,33.903364749,18.8920636274,2.3881615421,0.0852914836,7.4203590771,1.0234978037,0.67889099340037,0.66985230814505,0.787935025842474,4264132716,104777.89,Female
Metropolitana,SAPIRANGA,78501,21.3245691138,10.7641940867,3.1082406594,0.1401256035,2.4967834805,0.4968089578,0.706280036885151,0.686862208892844,0.789575735920525,16448480012,128019.14,Female
Metropolitana,SAPUCAIA DO SUL,139807,31.9368844192,14.6273076455,8.8693699171,0.2789559893,1.5879033239,1.0013804745,0.644368086156337,0.603334089842958,0.785928441025461,23587300472,94689.93,Female
Metropolitana,SENTINELA DO SUL,5119,21.4885719867,17.7769095526,1.367454581,0,0,0.1953506544,0.570692419468399,0.591568106345517,0.802163442522085,532554611,58622.39,Female
Metropolitana,SERTAO SANTANA,6025,11.7842323651,9.1286307054,0.3319502075,0.1659751037,0.1659751037,0.1659751037,0.661179963276415,0.65174542543243,0.835956994870111,963515713,88401.45,Female
Metropolitana,TAPES,17180,31.6065192084,25.0291036088,1.6880093132,0.2910360885,1.5133876601,0.4074505239,0.622482915573484,0.585326549562032,0.790633939772459,2336778595,71918.47,Female
Metropolitana,TAQUARA,57350,24.9171752398,15.0130775937,2.8247602441,0.1743679163,1.1159546643,1.0113339146,0.713667740136854,0.64603845209488,0.790095827377888,8028402814,83777.03,Female
Metropolitana,TAVARES,5653,13.0903944808,10.6138333628,0.1768972227,0.1768972227,0.8844861136,0.7075888909,0.644592005134233,0.519643665898895,0.802611896124269,559413216,56516.87,Female
Metropolitana,TERRA DE AREIA,10670,23.0552952202,14.9953139644,2.9990627929,0,0.8434864105,0.7497656982,0.616807192810306,0.542683383646978,0.799012066248528,1029379849,58071.79,Female
Metropolitana,TORRES,37001,39.025972271,21.8102213454,3.135050404,0.1621577795,6.7295478501,2.1080511338,0.722931236857031,0.656197789007064,0.82294661190597,5824692466,92726.31,Female
Metropolitana,TRAMANDAI,45906,56.5503420032,39.5373153836,4.4438635472,0.3267546726,1.8298261665,2.2437154185,0.603456967896129,0.58809660381685,0.722514654645793,5551254370,72927.32,Female
Metropolitana,TRES CACHOEIRAS,10509,9.7059663146,7.2318964697,0.4757826625,0,0.0951565325,0.0951565325,0.651237784668634,0.603789214899144,0.837121951485737,1249523491,70411.92,Female
Metropolitana,TRES COROAS,25166,17.2057537948,10.9671779385,1.6689183819,0,0.9139314949,0.8741953429,0.679650062097301,0.714625586602707,0.820160600981764,6592987146,156631.84,Female
Metropolitana,TRES FORQUILHAS,2908,5.1581843191,3.4387895461,0.3438789546,0,0,0.3438789546,0.682166153301221,0.544174887113301,0.788240989667132,323124333,60556.83,Female
Metropolitana,TRIUNFO,26349,31.7659114198,20.2664237732,1.9355573267,0.0759042089,5.0855819955,1.2903715511,0.705007395967848,0.795183862709002,0.788488162103304,61661598950,1031966.41,Female
Metropolitana,TUPANDI,4256,10.8082706767,8.4586466165,0.234962406,0,1.1748120301,0,0.695949384452606,0.898776369877161,0.889135038101661,1837079021,323063.68,Female
Metropolitana,VIAMAO,250669,26.5649122947,10.8230375515,6.9653606948,0.3829751585,2.6888047585,1.0850962823,0.569493015722708,0.512567225077037,0.7318764080275,21867434162,50340.01,Female
Metropolitana,XANGRI-LA,13412,77.3188189681,55.9946316731,5.3683268715,0.2236802863,9.6928124068,1.4912019087,0.659367535984047,0.660636199036618,0.802747579723271,2349142146,105708.69,Female
Missioneira,AJURICABA,7568,8.0602536998,6.6067653277,0,0.1321353066,0.2642706131,0,0.719737891129515,0.752047208037549,0.88462530698844,1552691358,121217.81,Female
Missioneira,ALECRIM,6905,11.7306299783,9.5582910934,0,0.2896451846,0.2896451846,0.2896451846,0.694318987480335,0.52952132065668,0.807495193039504,678932495,52480.48,Female
Missioneira,ALEGRIA,4227,13.0115921457,9.6995505086,0.2365744026,0,0,0.2365744026,0.688932981465022,0.631239905810968,0.819608756642155,568715031,72721.92,Female
Missioneira,AUGUSTO PESTANA,7035,8.1023454158,5.9701492537,0.1421464108,0,0.2842928216,0,0.775412842742234,0.832438885888676,0.859350032803729,1629053064,130493.48,Female
Missioneira,BOA VISTA DO BURICA,6746,3.1129558257,1.3341239253,0.1482359917,0,0,0,0.760542553568214,0.722699916128721,0.886633106636315,1189226692,95104.92,Female
Missioneira,BOA VISTA DO CADEADO,2512,14.7292993631,12.7388535032,0.398089172,0,0,0,0.67478272774653,0.827968253538021,0.833192857787421,1153207644,257799.04,Female
Missioneira,BOA VISTA DO INCRA,2462,8.1234768481,6.9049553209,0,0,0,0,0.68457331075107,0.773291405698017,0.812305559906717,955177506,202776.88,Female
Missioneira,BOSSOROCA,6537,11.7791035643,9.9433991127,0.152975371,0,0,0,0.759262918352758,0.674801225368885,0.785718367370646,1479996051,123942.76,Female
Missioneira,BOZANO,2201,12.7214902317,10.9041344843,0.9086778737,0,0,0,0.763376186302803,0.811882956043899,0.898369033245258,473720515,118455.19,Female
Missioneira,CAIBATE,5418,6.0908084164,4.0605389443,0.184569952,0,0.184569952,0.369139904,0.736498410466687,0.615243947497046,0.826166761263899,838635537,98880.35,Female
Missioneira,CAMPINA DAS MISSOES,6451,4.4954270656,3.5653387072,0.1550147264,0,0,0,0.717702784772886,0.591293968096257,0.776387357738384,805608912,71796.02,Female
Missioneira,CAMPO NOVO,5337,19.8613453251,10.6801573918,1.3115982762,0,1.6863406408,2.2484541877,0.720005190775797,0.628132728098049,0.835045874335338,1074740735,112825.94,Female
Missioneira,CANDIDO GODOI,6416,4.8316708229,4.3640897756,0,0.1558603491,0,0,0.793655758951451,0.707133538143967,0.819994591371209,1248342661,110129.34,Female
Missioneira,CATUIPE,9569,12.6449994775,9.7188838959,0.3135123837,0.2090082558,0.4180165117,0.1045041279,0.662811565674969,0.775246650934916,0.832492470964662,1866621552,108025.25,Female
Missioneira,CERRO LARGO,13755,11.0505270811,8.7968011632,0.2908033442,0,0.2181025082,0.5089058524,0.76144060889021,0.765558851344594,0.838598436609948,4010681718,180029.83,Female
Missioneira,CHIAPETTA,4246,14.366462553,12.246820537,0.7065473387,0,0.2355157796,0,0.760864125227938,0.716689402411481,0.856495085342316,1048015781,148326.68,Female
Missioneira,COLORADO,3376,7.7014218009,5.0355450237,0.2962085308,0,0.5924170616,0,0.783864003539724,0.835738567078882,0.892094433372633,1111808309,157699.38,Female
Missioneira,CONDOR,6050,12.7272727273,9.7520661157,0.6611570248,0,0,0.3305785124,0.775835017725033,0.776871376579882,0.899088233316087,1964182992,158232.34,Female
Missioneira,CORONEL BARROS,2887,12.8160720471,12.1233113959,0,0,0,0,0.638774886610028,0.805781056537731,0.853496559459986,579118618,130603.63,Female
Missioneira,CRISSIUMAL,14282,10.6427671195,7.7020025207,0.3500910237,0.0700182047,0.4201092284,0.2800728189,0.779882821404773,0.606828614797055,0.825373386246512,1946718049,78160.25,Female
Missioneira,CRUZ ALTA,64364,26.3967435212,19.0945248897,2.4237151203,0.0932198123,0.6991485924,0.4350257908,0.721051848873689,0.788359487338366,0.762703170930201,17897848642,164648.46,Female
Missioneira,DEZESSEIS DE NOVEMBRO,2821,12.0524636654,8.8621056363,0,0,0,0,0.68298291173666,0.443852240171835,0.797403731793372,246511375,46616.42,Female
Missioneira,DOUTOR RICARDO,4957,4.4381682469,3.0260238047,0.2017349203,0,0.2017349203,0,0.725713355254109,0.688278139007747,0.81195069160367,1136016003,122029.81,Female
Missioneira,ENTRE RIOS DO SUL,9229,5.6344132625,4.2258099469,0.1083541012,0,0.4334164048,0.1083541012,0.65121290908494,0.678606329436245,0.795015838053228,1680258682,106926,Female
Missioneira,EUGENIO DE CASTRO,2895,11.7443868739,11.0535405872,0,0,0,0,0.656995368711487,0.811133266473259,0.779362204321856,1009877975,220563.23,Female
Missioneira,FORTALEZA DOS VALOS,4626,12.5378296585,8.8629485517,1.0808473843,0,0.4323389537,0,0.781818528962407,0.857419459343691,0.806574330674708,1630323074,189554.76,Female
Missioneira,GARRUCHOS,3118,29.826812059,28.5439384221,0,0,0,0,0.614001721795715,0.618698810131155,0.793677732036856,692334193,116106.33,Female
Missioneira,GIRUA,17219,14.9834485162,10.2212672048,0.4646030548,0.0580753818,0.2903769092,0.2903769092,0.699567218454889,0.697383209060223,0.79052758865906,4185821695,135839.54,Female
Missioneira,GUARANI DAS MISSOES,8396,15.9599809433,13.1014768938,1.5483563602,0,0.1191043354,0,0.708717998816544,0.668068330765669,0.818182270105861,1747335379,121859.81,Female
Missioneira,HORIZONTINA,18749,13.1740359486,8.5871246466,0.1600085338,0.0533361779,1.7067576937,0.3200170676,0.786497346756783,0.901165637970617,0.807193805844864,13565010451,348405.09,Female
Missioneira,HUMAITA,5049,8.1204198851,6.734006734,0,0,0.3961180432,0,0.759281689995677,0.703365679120517,0.820824021108966,880985848,101536.07,Female
Missioneira,IBIRUBA,20383,16.7786881225,11.1367315901,1.422754256,0.0490604916,0.2943629495,0.6868468822,0.77036437258434,0.846875335586008,0.861757553651734,6448108317,188392.77,Female
Missioneira,IJUI,84203,19.7142619622,13.5149578994,1.235110388,0.08313243,1.0807215895,0.4869185183,0.794945365528473,0.872181103141838,0.827945616227757,18135080872,138390.66,Female
Missioneira,INDEPENDENCIA,7017,11.6859056577,8.5506626764,0.5700441784,0,0,0,0.673046413349315,0.672404501562767,0.849398323766726,1296399944,104725.93,Female
Missioneira,INHACORA,2415,9.9378881988,7.4534161491,0.4140786749,0,0,0.4140786749,0.60709019776777,0.535354125772572,0.882670129608886,372779208,84926.18,Female
Missioneira,ITACURUBI,3474,9.4991364421,6.908462867,0,0,0.2878526195,0.2878526195,0.546709306190699,0.563557488991378,0.886400812685211,524239143,77537.63,Female
Missioneira,JACUIZINHO,2669,4.4960659423,4.4960659423,0,0,0,0,0.596285202690747,0.741677176536539,0.876949941191675,528696832,111926.2,Female
Missioneira,JOIA,8404,9.519276535,7.0204664446,0.1189909567,0.1189909567,0,0,0.635275696961838,0.696074608475163,0.857092460365787,2369803706,157495.9,Female
Missioneira,MATO QUEIMADO,1833,2.1822149482,1.0911074741,0,0,0,0,0.716337256351808,0.673073462658009,0.792990906561985,303840334,99459.49,Female
Missioneira,NOVA CANDELARIA,2813,3.1994312122,2.1329541415,0.3554923569,0,0,0,0.74836858044055,0.843183036615405,0.817486804873801,1032366297,158974.91,Female
Missioneira,NOVA RAMADA,2464,6.4935064935,4.4642857143,0,0,0,0,0.781272606707004,0.768945438725754,0.878080771263824,578071793,134818.45,Female
Missioneira,NOVO MACHADO,3531,9.6290002832,7.3633531577,0.5664117814,0.2832058907,0.2832058907,0.2832058907,0.763925689214905,0.633930909102692,0.806877128662844,684698180,96143.29,Female
Missioneira,PANAMBI,41131,13.250346454,9.530524422,0.5591889329,0.0486251246,0.2188130607,0.5591889329,0.730297043044695,0.761023500337789,0.859837479803747,11620378697,177067.11,Female
Missioneira,PEJUCARA,4099,9.7584776775,6.3430104904,0.4879238839,0,0.2439619419,0.4879238839,0.791723554331476,0.782591820948047,0.870960671884533,1378504901,186327.94,Female
Missioneira,PIRAPO,2696,11.8694362018,10.3857566766,0.3709198813,0,0,0,0.711163724290729,0.517850217565736,0.780256271334699,329384876,65572.52,Female
Missioneira,PORTO LUCENA,5464,6.7715959004,5.4904831625,0.1830161054,0,0,0.1830161054,0.656108711752275,0.590974327249604,0.782765206308957,613376155,62254.61,Female
Missioneira,PORTO MAUA,2462,22.3395613323,14.6222583266,0,0,0.4061738424,0.4061738424,0.754216991899282,0.55197859959246,0.871574719261685,329859189,71835.61,Female
Missioneira,PORTO VERA CRUZ,1624,8.6206896552,7.3891625616,0,0,0.6157635468,0,0.748496657090211,0.562611873547797,0.791644613409329,223987241,67542.5,Female
Missioneira,PORTO XAVIER,10553,11.5606936416,8.9074196911,0.1895195679,0.0947597839,0.2842793518,0.1895195679,0.752873461091487,0.527550806117478,0.814942457175244,1038278719,50924.25,Female
Missioneira,QUINZE DE NOVEMBRO,3695,14.8849797023,12.7198917456,0.8119079838,0,0.2706359946,0,0.70582376914029,0.838899755365419,0.82978315120474,982711935,138210.31,Female
Missioneira,ROLADOR,2502,5.9952038369,4.3964828137,0,0,0,0,0.690275527719484,0.680328738808647,0.836006649182871,505430502,113834.37,Female
Missioneira,ROQUE GONZALES,7106,11.3988179004,9.1471995497,0.2814522938,0.1407261469,0.1407261469,0.2814522938,0.740491033200051,0.548676936772432,0.8238692828666,870052243,66350.45,Female
Missioneira,SALDANHA MARINHO,2868,5.9274755927,3.8354253835,0.3486750349,0,0,0,0.754056406117871,0.792302413391872,0.840456504171852,831267361,149495.11,Female
Missioneira,SALTO DO JACUI,11351,19.8220421108,15.5052418289,0.7928816844,0.2642938948,0.3523918597,0.4404898247,0.631979007827233,0.571195749408939,0.816697942412745,4418429157,135632.03,Female
Missioneira,SALVADOR DAS MISSOES,2750,4.7272727273,4,0,0,0,0.3636363636,0.782659932189839,0.715850367045535,0.877477066962628,624544086,136197.44,Female
Missioneira,SANTA BARBARA DO SUL,8916,12.6738447734,9.0847913863,0.6729475101,0.336473755,0.1121579183,0.2243158367,0.697828168440083,0.817607306812157,0.814560432423514,10375545333,69617.13,Female
Missioneira,SANTA ROSA,72217,16.8796820693,10.5792264979,0.7892878408,0.0830829306,2.2570862816,0.8585236163,0.750121688598238,0.749385189108659,0.849250133677576,1245883512,118845.76,Female
Missioneira,SANTO ANGELO,79523,25.2002565296,17.6552695447,2.0119965293,0.1005998265,1.8233718547,0.4023993059,0.755667761665865,0.704111686453557,0.785825803179802,14085877300,98447.04,Female
Missioneira,SANTO ANTONIO DAS MISSOES,11232,15.3133903134,11.6631054131,0.2670940171,0.089031339,0.8012820513,0.1780626781,0.652037351412556,0.597992599957316,0.782742399230669,1609160269,80628.56,Female
Missioneira,SANTO AUGUSTO,14608,15.813253012,11.9112814896,0.7530120482,0.273822563,0.3422782037,0.547645126,0.71975794235054,0.732863002413799,0.829522663903933,3021718799,116147.55,Female
Missioneira,SANTO CRISTO,14753,7.3205449739,5.0159289636,0.2033484715,0,0.7456110622,0.1355656477,0.751262521935462,0.721691067148711,0.825363680598069,3434458840,115373.05,Female
Missioneira,SAO BORJA,62726,29.0788508752,17.2336830023,2.1681599337,0.0318847049,1.4985811306,5.2450339572,0.678990186667519,0.66312813172958,0.773555330536432,11139083519,99982.27,Female
Missioneira,SAO JOSE DO INHACORA,2220,7.6576576577,5.8558558559,0,1.3513513514,0,0,0.795084768110039,0.739879671959197,0.871874919278188,454897829,119766.8,Female
Missioneira,SAO LUIZ GONZAGA,35753,32.1091936341,22.2358962884,2.0417867032,0.1398484043,1.2866053198,1.3705143624,0.733132187249945,0.683200962091186,0.795630911212875,5999530747,99978.44,Female
Missioneira,SAO MARTINHO,5935,7.5821398484,6.5711878686,0,0,0.1684919966,0,0.763453780175768,0.734501839623938,0.825731468002326,1132176508,114630.96,Female
Missioneira,SAO MIGUEL DAS MISSOES,7540,11.0079575597,8.4880636605,0.6631299735,0,0.1326259947,0.1326259947,0.607994410089264,0.756302128996819,0.822751298425386,2053626435,163996.68,Female
Missioneira,SAO NICOLAU,5618,19.5799216803,16.1979352083,0.355998576,0.711997152,0,0,0.569748294412671,0.52494072617705,0.798913585772387,667598281,65936.31,Female
Missioneira,SAO PAULO DAS MISSOES,6321,6.0117070084,5.5370985604,0.158202816,0,0,0,0.750968779372294,0.589267356718802,0.817504824192194,846653068,73275.34,Female
Missioneira,SAO PEDRO DO BUTIA,2837,7.0497003877,7.0497003877,0,0,0,0,0.807493489957805,0.707199736469004,0.891537204503996,552765305,99919.68,Female
Missioneira,SAO VALERIO DO SUL,2989,7.0257611241,5.3529608565,0,0,0.3345600535,0,0.612570697824186,0.539764867070572,0.817852380579583,316464419,65689.02,Female
Missioneira,SEDE NOVA,3061,5.2270499837,3.2669062398,0,0,0.326690624,0,0.687614220112959,0.741851742442134,0.832025220074497,570083705,106925.28,Female
Missioneira,SELBACH,5042,8.7266957557,5.9500198334,1.78500595,0,0,0,0.729515641197139,0.820062867565023,0.887852238309591,1345547048,142913.63,Female
Missioneira,SENADOR SALGADO FILHO,2777,9.0025207058,5.7616132517,0.3601008282,0,0,0,0.649430754823399,0.719818963266513,0.829676376921718,498961618,99616.85,Female
Missioneira,SETE DE SETEMBRO,2030,6.4039408867,5.4187192118,0.4926108374,0,0,0,0.777974243598737,0.657019510462357,0.848858106190409,374169785,93752.71,Female
Missioneira,TRES DE MAIO,24538,15.4454315755,11.0848479909,0.9373217051,0.0815062352,0.2445187057,0.2445187057,0.80377269762356,0.731135877934728,0.8631865340444,5108213447,116540.4,Female
Missioneira,TUCUNDUVA,6008,9.9866844208,7.9893475366,0.1664447403,0.3328894807,0.499334221,0,0.831480207502173,0.71393195746107,0.838674390611888,1253335096,114227.77,Female
Missioneira,TUPANCIRETA,22336,15.4011461318,11.3270057307,1.2088108883,0.0447707736,0.7611031519,0.1790830946,0.660719694976314,0.774727807386465,0.772592918344508,6674107359,163263.48,Female
Missioneira,TUPARENDI,8538,8.0815179199,6.5589130944,0.1171234481,0.2342468962,0.1171234481,0.1171234481,0.782353742221268,0.699827884107121,0.841987134532025,1581816785,101538.9,Female
Missioneira,UBIRETAMA,2293,6.5416484954,3.4888791976,0.4361098997,0,0,0,0.579780912450857,0.681335294042418,0.800495519289257,340499207,80989.35,Female
Missioneira,VITORIA DAS MISSOES,3405,9.9853157122,7.9295154185,0.2936857562,0.2936857562,0,0,0.698772055602495,0.574748933589525,0.812805214278007,437172980,71525.72,Female
Norte,AGUA SANTA,3825,12.8104575163,11.2418300654,0.2614379085,0,0,0,0.752428044254673,0.953611883444367,0.896762555169531,1307563235,216728.6,Female
Norte,ALMIRANTE TAMANDARE DO SUL,1970,11.1675126904,9.6446700508,0,0,0,0,0.717714122325473,0.807144399345822,0.851337251433683,776677524,193011.52,Female
Norte,ALPESTRE,7630,14.2857142857,11.9266055046,0,0.131061599,0,0,0.694616852761183,0.565891200198438,0.846595000503429,904882734,62073.03,Female
Norte,ALTO ALEGRE,1811,7.1783545003,3.8652678078,0.5521811154,0,0,0,0.704670915631116,0.831315715808508,0.855917890553339,387509291,118322.44,Female
Norte,AMETISTA DO SUL,7412,7.6902320561,6.4759848894,0.5396654074,0,0,0,0.701777259594664,0.541747102019881,0.794404326487111,593859258,43846.23,Female
Norte,ANDRE DA ROCHA,1247,16.0384923817,11.2269446672,1.6038492382,0,0,0,0.668408582870856,0.908514549957054,0.889953694244706,542233759,258404.53,Female
Norte,ARATIBA,6963,6.6063478386,5.0265690076,0,0,0.1436162574,0.1436162574,0.786316600861974,0.883777822855742,0.881817001186787,6593529991,684444.93,Female
Norte,AUREA,3770,9.549071618,8.7533156499,0,0.2652519894,0,0,0.650982398468481,0.638480380631314,0.822261580143508,577957067,85461.99,Female
Norte,BARAO DE COTEGIPE,6777,16.6740445625,12.6899808175,0.8853474989,0,0.295115833,0.1475579165,0.684883027262533,0.703930296335235,0.853650691554706,1073166102,94236.68,Female
Norte,BARRA DO GUARITA,3162,13.9152435168,10.4364326376,0.3162555345,0,0,0.6325110689,0.669693930385438,0.484559671577319,0.838927567828245,261701279,46456.04,Female
Norte,BARRA DO RIO AZUL,1924,7.7962577963,7.2765072765,0,0,0,0,0.787021185527564,0.604608048018048,0.897854927016463,304782993,82945.34,Female
Norte,BARRA FUNDA,2489,6.4282844516,4.8212133387,0.8035355564,0,0,0,0.764708946477751,0.760206634130236,0.904030998381432,737555497,177738.83,Female
Norte,BARRACAO,5268,11.5793470008,9.6810933941,0.1898253607,0,0.1898253607,0,0.63237240661043,0.650105154139353,0.87832065290269,1153078231,118636.56,Female
Norte,BENJAMIN CONSTANT DO SUL,2345,5.9701492537,4.6908315565,0,0,0,0,0.705392335700816,0.397791359339533,0.811944076584058,185157745,44124.45,Female
Norte,BOA VISTA DAS MISSOES,2079,8.177008177,4.81000481,2.405002405,0,0,0,0.65775149124495,0.764680284780137,0.872415370609115,784280964,206396.1,Female
Norte,BOM PROGRESSO,2477,11.3039967703,7.670569237,0,0,0.8074283407,0,0.685997607596525,0.609557547626535,0.795747830468122,342882409,81542.26,Female
Norte,BRAGA,3699,19.7350635307,15.4095701541,0.270343336,0.8110300081,0.270343336,0,0.715435384375344,0.526017472467814,0.821275762742532,506208128,78380.68,Female
Norte,CACIQUE DOBLE,5157,9.5016482451,7.756447547,0.3878223774,0,0.1939111887,0,0.621978094076098,0.518521254907378,0.86068851635398,610506031,70744.56,Female
Norte,CAICARA,5020,7.7689243028,6.1752988048,0.3984063745,0,0.3984063745,0,0.719609656218477,0.623476155911221,0.867713242898867,615658699,66162.13,Female
Norte,CAMARGO,2635,10.6261859583,5.6925996205,1.5180265655,0.3795066414,0.3795066414,0,0.698019373293642,0.878040746090888,0.870743953461324,781856535,176845.78,Female
Norte,CAMPINAS DO SUL,5715,9.2738407699,7.5240594926,0.1749781277,0,0.1749781277,0.1749781277,0.77241018986352,0.749452544880758,0.815970413800349,1301930400,127608.01,Female
Norte,CAMPOS BORGES,3679,4.8926338679,2.9899429193,0.2718129927,0,0,0,0.712252730485844,0.624891826974857,0.868471794567358,550895704,85759.83,Female
Norte,CAPAO BONITO DO SUL,2184,15.1098901099,12.3626373626,0.4578754579,0,0,0,0.604442370549622,0.684153227791221,0.818482202418741,754926603,259805.8,Female
Norte,CARAZINHO,62591,24.6041763193,16.0725982969,2.0769759231,0.0639069515,0.7828601556,0.5432090876,0.737529522762777,0.698684822283675,0.786053065723694,13882688271,132421.34,Female
Norte,CARLOS GOMES,1609,11.8085767557,9.9440646364,0,0,0,0,0.717563357918945,0.663910209047232,0.834937628917641,217008301,76913.55,Female
Norte,CASCA,8564,16.8145726296,9.8085007006,1.6347501168,0,1.5179822513,0.233535731,0.819610355035949,0.803048689394257,0.858488988459744,2430882127,155534.28,Female
Norte,CASEIROS,3046,15.7583716349,10.1772816809,0.9848982272,0,0.3282994091,0,0.705323518203415,0.655529380245883,0.823431965831158,586322088,108722.97,Female
Norte,CENTENARIO,3047,4.594683295,3.6101083032,0,0,0,0,0.792373076757333,0.601000554094664,0.875940673327534,391838978,72778.14,Female
Norte,CERRO GRANDE,2563,7.4131876707,5.0721810378,0.3901677721,0.3901677721,0,0,0.716334626763188,0.57856285267496,0.801799976628507,282254527,69605.05,Female
Norte,CHAPADA,9433,6.7846920386,4.9825082158,0.2120216262,0,0.1060108131,0,0.744425294565648,0.791420823937659,0.840334997859148,2516748711,146438.04,Female
Norte,CHARRUA,3386,5.6113408151,4.1346721796,0.5906674542,0,0,0,0.49338083120236,0.646648360022175,0.805583317636512,538526104,84743.11,Female
Norte,CIRIACO,4909,29.5375840293,23.8337746995,1.6296598085,0.2037074761,0,0,0.675761188467274,0.68221543827539,0.852489138174796,909048456,98984.98,Female
Norte,CONSTANTINA,10290,10.009718173,7.5801749271,0.6802721088,0.1943634597,0.0971817298,0.2915451895,0.702757094566082,0.675243093438851,0.835723883008388,1550302421,90532.59,Female
Norte,COQUEIROS DO SUL,2495,5.6112224449,5.6112224449,0,0,0,0,0.657231337395047,0.812490481617995,0.877027749138499,615738150,134699.4,Female
Norte,CORONEL BICACO,7772,18.9140504375,13.7673700463,1.158003088,0.1286670098,0.7720020587,0.6433350489,0.677847099807491,0.623046556863137,0.794341720438808,1557640326,114766.39,Female
Norte,COXILHA,2920,16.095890411,11.6438356164,0.6849315068,0,0.6849315068,0,0.68494083274408,0.791984010515225,0.819649962364369,1138748931,229716.63,Female
Norte,CRISTAL DO SUL,2906,5.5058499656,3.0970406056,0,0,0.3441156228,0,0.697187984194183,0.508090628129726,0.799312856448608,340329449,64107.31,Female
Norte,CRUZALTENSE,2030,8.8669950739,6.8965517241,0,0,0,0,0.772447560701188,0.707755201466255,0.846684042932453,394088773,107649.33,Female
Norte,DAVID CANABARRO,4622,13.8468195586,10.1687581134,0.2163565556,0,0,0,0.787198807436793,0.71440257805369,0.888458551859686,814499043,96716.25,Female
Norte,DERRUBADAS,3135,12.4401913876,9.5693779904,0.3189792663,0.3189792663,0,0,0.719291362340618,0.585994534655795,0.783715918342492,505917551,90274.86,Female
Norte,DOIS IRMAOS DAS MISSOES,2170,5.9907834101,5.069124424,0,0,0,0,0.70944073650597,0.668557176304841,0.896270862829108,604362078,157341.45,Female
Norte,ENGENHO VELHO,1606,6.8493150685,6.2266500623,0,0,0,0,0.584737997135029,0.68886272470874,0.854763670841329,316886937,112957.11,Female
Norte,ENTRE IJUIS,2971,34.6684617974,26.9269606193,1.0097610232,0,1.346348031,0,0.654278212528427,0.782672647714319,0.857272067631082,2560174200,431386.01,Female
Norte,EREBANGO,3093,15.518913676,14.5489815713,0.3233107016,0,0,0,0.677605851998173,0.638404176362609,0.782288717547848,589127780,106495.5,Female
Norte,ERECHIM,101920,23.9109105181,14.001177394,1.8445839874,0.1667974882,2.9925431711,0.7260596546,0.797955983428206,0.824918308785456,0.83602180702718,28025184945,167593.3,Female
Norte,ERNESTINA,3031,31.342791158,24.744308809,1.6496205873,0.3299241175,0.3299241175,0,0.747119468790664,0.712786107971665,0.811729669660253,793729312,140899.6,Female
Norte,ERVAL GRANDE,4993,7.8109353094,5.0070098137,0.6008411776,0.2002803925,0.4005607851,0,0.676596318316604,0.576347671768359,0.860344614911452,591268138,63777.55,Female
Norte,ERVAL SECO,7915,4.927353127,3.916614024,0,0.2526847757,0,0,0.671538101674168,0.627792932000744,0.856979864443592,1267726348,95354.66,Female
Norte,ESPERANCA DO SUL,3475,6.3309352518,4.3165467626,0,0,0,0,0.535322194203903,0.563287973471897,0.840239327943645,410852809,72908.25,Female
Norte,ESPUMOSO,15589,11.2258643916,7.5052921932,0.6414779652,0.0641477965,1.0263647444,0.4490345757,0.733645835312456,0.785922095215125,0.859337960602134,3768961262,140098.61,Female
Norte,ESTACAO,6108,8.8408644401,7.2036673215,0.4911591356,0,0,0,0.738038020446494,0.753132437374436,0.864515732648062,1392848887,128966.27,Female
Norte,FAXINALZINHO,2673,10.4751215862,6.734006734,0.3741114852,0,0,0,0.616676221606773,0.535209978319068,0.818505759111996,368777327,78091.26,Female
Norte,FLORIANO PEIXOTO,1869,11.2359550562,9.0957731407,0.5350454789,0,0,0,0.599144944033837,0.624251471588355,0.855896193938586,360555491,99321.63,Female
Norte,FREDERICO WESTPHALEN,30055,16.6694393612,10.0482448844,0.6654466811,0.1330893362,2.5952420562,0.4990850108,0.748082657964559,0.72025328076442,0.84477062166313,6048748866,120754.1,Female
Norte,GAURAMA,5923,14.8573358096,13.5066689178,0.1688333615,0,0.5065000844,0,0.722813950301969,0.713945077725404,0.846410235517233,1176419871,112887.04,Female
Norte,GENTIL,1903,27.8507619548,19.9684708355,3.6784025223,0,0,0,0.653703512708473,0.701196462469799,0.8899856234653,614063303,213177.33,Female
Norte,GETULIO VARGAS,16934,12.1058226054,7.3225463564,0.4133695524,0.1771583796,0.6495807252,0.7676863116,0.714769926380474,0.697839608489597,0.841635910205439,3207908443,111567.45,Female
Norte,GRAMADO DOS LOUREIROS,2291,10.0392841554,8.729812309,0.8729812309,0,0,0,0.758581871066577,0.595686962947021,0.865635754104781,279003831,68747.88,Female
Norte,IBIACA,4898,12.6582278481,10.0040832993,0,0,0,0.2041649653,0.647191378630436,0.763615979832519,0.887625485727668,1171301991,139363.91,Female
Norte,IBIRAIARAS,8330,9.0036014406,6.0024009604,0,0,0.1200480192,0.4801920768,0.607595768310345,0.678824399218459,0.853869782330188,1610292158,119541.59,Female
Norte,IBIRAPUITA,4120,12.1359223301,8.4951456311,0.4854368932,0,0.2427184466,0.2427184466,0.63271897716295,0.634899420078654,0.822899949600743,643093180,86101.48,Female
Norte,IPIRANGA DO SUL,1907,10.4876769795,7.8657577347,0.524383849,0.524383849,0,0,0.778882779802036,0.885399165101325,0.833151642955186,628425565,166493.48,Female
Norte,IRAI,7996,18.7593796898,11.2556278139,2.1260630315,0.2501250625,2.1260630315,1.1255627814,0.722090268213872,0.563019380793694,0.811078435151734,939219686,65323.1,Female
Norte,ITATIBA DO SUL,3962,13.6294800606,9.0863200404,0,0.7571933367,0,0.2523977789,0.774022590395726,0.543624263049761,0.821154468044696,428314191,53927.11,Female
Norte,JABOTICABA,3782,7.1390798519,4.2305658382,0.7932310947,0,0,0,0.642183374383987,0.488178262405095,0.849949583745332,556822622,75916.87,Female
Norte,JACUTINGA,3570,8.1232492997,6.162464986,0.2801120448,0,0.2801120448,0,0.743035455745283,0.722264869737476,0.871656099284075,835460059,127196.28,Female
Norte,LAGOA DOS TRES CANTOS,1901,8.4166228301,5.2603892688,1.5781167806,0,0,0,0.774273717565423,0.785729962481264,0.883905993854332,490993435,164085.73,Female
Norte,LAGOA VERMELHA,28318,25.9905360548,17.585987711,1.7656614168,0.1412529133,1.6950349601,1.0593968501,0.663919565775871,0.706614417533535,0.781012626291048,5979836957,128920.67,Female
Norte,LAGOAO,5994,7.5075075075,5.6723390057,0.1668335002,0.1668335002,0,0,0.573513308572382,0.500521893574537,0.777724202719159,593695952,54321.19,Female
Norte,LAJEADO DO BUGRE,2433,9.0423345664,5.3431976983,1.6440608303,0,0,0,0.566321866054618,0.5096630516464,0.836617749016091,267826701,61078.87,Female
Norte,LIBERATO SALZANO,5730,8.7260034904,6.2827225131,0.3490401396,0.1745200698,0.3490401396,0,0.728232127380381,0.575163118198963,0.852329124249894,652178404,66225.04,Female
Norte,MACHADINHO,5770,15.424610052,11.9584055459,0.5199306759,0,0,0.1733102253,0.651701133095727,0.615884537763972,0.848550204234926,853358840,82182.93,Female
Norte,MARAU,39574,20.8722898873,11.9017536767,2.3247586799,0.1768838126,0.7328043665,0.1516146965,0.732053561670266,0.805692838694333,0.885804867578943,12546456753,184312.03,Female
Norte,MARCELINO RAMOS,4977,11.2517580872,8.4388185654,0.2009242516,0,0.8036970062,0.2009242516,0.716597256650454,0.641700797493244,0.859928531956678,708305645,74320.72,Female
Norte,MARIANO MORO,2169,6.4545873675,5.5325034578,0,0,0,0,0.714782367407206,0.688144854528522,0.848878360798327,314790915,79280.81,Female
Norte,MATO CASTELHANO,2600,29.2307692308,21.1538461538,3.8461538462,0.3846153846,0,0,0.662948692288065,0.801243691291464,0.863739405771458,710667305,155049.43,Female
Norte,MAXIMILIANO DE ALMEIDA,4883,10.2396067991,7.3725168954,0,0,0.204792136,0,0.683321309580886,0.577514698792135,0.878606307503286,663239413,72494,Female
Norte,MIRAGUAI,5077,13.1967697459,8.4695686429,0.5909001379,0.1969667126,0.3939334253,0,0.742867687671664,0.720043579722567,0.813022779638831,674792747,95005.98,Female
Norte,MONTAURI,1538,11.0533159948,7.1521456437,0,0,0.6501950585,0,0.629536599735951,0.799715670388835,0.891356372463246,346467512,130292,Female
Norte,MORMACO,2771,9.0220137135,4.3305665825,1.8044027427,0,0,0,0.714868201229408,0.732736716571875,0.793347748725593,583862058,110949.46,Female
Norte,MULITERNO,1882,28.692879915,23.9107332625,0.5313496281,0,0,0,0.694169694058723,0.716538023669302,0.872664621993928,302859256,92779.83,Female
Norte,NAO-ME-TOQUE,17095,21.9947353027,15.1506288388,1.5209125475,0.1754899093,0.9944428195,0.2924831822,0.728647223260774,0.911020538605055,0.84914715731758,7172296392,266256.98,Female
Norte,NICOLAU VERGUEIRO,1721,13.364323068,7.553747821,0,0.5810575247,1.1621150494,0,0.721488246519956,0.829845837568538,0.886446454478013,536596805,167745.11,Female
Norte,NONOAI,11753,21.0159108313,16.6765932102,1.3613545478,0.0850846592,0.2552539777,0.2552539777,0.666189196483662,0.661728155664642,0.853899996531703,2155963613,98465.05,Female
Norte,NOVA ALVORADA,3290,11.5501519757,7.2948328267,0.6079027356,0,0,0,0.747822113435905,0.801603714347858,0.858206567444128,885352044,145979.5,Female
Norte,NOVA BOA VISTA,2137,2.3397285915,1.8717828732,0.4679457183,0,0,0,0.800871330393824,0.747958483634184,0.850662621183329,416587274,122123.38,Female
Norte,NOVO BARREIRO,3956,6.8250758342,4.5500505561,0,0,0,0,0.762689425612061,0.641577031151606,0.854053776295308,460350506,68216.54,Female
Norte,NOVO TIRADENTES,2178,4.132231405,4.132231405,0,0,0,0,0.709381278501502,0.585198247512557,0.818568715478557,290156964,75116.32,Female
Norte,NOVO XINGU,1750,2.2857142857,2.2857142857,0,0,0,0,0.776978201308328,0.730010086412048,0.897011284854031,289847214,90940.4,Female
Norte,PAIM FILHO,4311,11.8302018093,10.9023428439,0.2319647414,0.2319647414,0,0,0.667704349872668,0.629481052321686,0.887409719611608,675148607,87222.82,Female
Norte,PALMEIRA DAS MISSOES,35238,16.2892332141,10.3581361031,0.9648674726,0.0851353652,0.7094613769,1.106759748,0.710648822549758,0.712063772614571,0.80428802063582,7507213946,123348.83,Female
Norte,PALMITINHO,6976,3.0103211009,2.0068807339,0.1433486239,0,0.4300458716,0,0.71814410935963,0.618418829536705,0.843156140128834,952487405,80509.06,Female
Norte,PASSO FUNDO,195455,27.0650533371,13.0157836842,5.6330101558,0.2302320227,0.8851142207,0.5730219232,0.693869382498343,0.812201602473277,0.806866454981459,47770870857,152816.05,Female
Norte,PAULO BENTO,2121,17.444601603,13.201320132,1.885902876,0,0.471475719,0,0.733257250003375,0.77726425322091,0.853002898051113,525012218,131227.27,Female
Norte,PINHAL,2486,13.6765888978,11.6653258246,1.2067578439,0,0,0,0.786857498100353,0.638855834559487,0.814480998349116,418219105,92000.54,Female
Norte,PINHEIRINHO DO VALE,4331,4.3869776033,3.0016162549,0.4617871161,0,0,0.2308935581,0.722728696440832,0.633508394446217,0.870918814203214,495391683,61674.53,Female
Norte,PLANALTO,10753,17.0185064633,13.5776062494,0.3719892123,0.1859946062,0.3719892123,0.2789919092,0.688561227410223,0.514140167437065,0.854151336094447,1093199505,57442.12,Female
Norte,PONTAO,3918,17.866258295,16.5900969883,0.2552322614,0,0,0,0.669758739951409,0.765035833833534,0.857715680511979,1294182220,180361.64,Female
Norte,PONTE PRETA,1640,9.1463414634,9.1463414634,0,0,0,0,0.7871302045263,0.682324784448145,0.866386708980639,309477766,99622.03,Female
Norte,QUATRO IRMAOS,1722,16.8408826945,13.93728223,0.5807200929,0,0,0,0.763660486990836,0.762076597631549,0.862802518105831,590718557,179042.12,Female
Norte,REDENTORA,10697,6.9178274283,4.9546601851,0.0934841544,0.0934841544,0.2804524633,0,0.57370996808524,0.428823872106258,0.793833628765938,832763497,46080.06,Female
Norte,RIO DOS INDIOS,3273,13.7488542621,11.6101435991,0,0.3055300947,0,0,0.645411334370598,0.613242846038917,0.864419916208042,490088021,75152.5,Female
Norte,RODEIO BONITO,5901,8.6426029487,5.7617352991,0.1694628029,0,0.8473140146,0,0.687769950279118,0.651408166787821,0.844959694817017,839790212,86159.8,Female
Norte,RONDA ALTA,10263,9.3539900614,6.8206177531,0.7794991718,0,0.4871869824,0.1948747929,0.733358176022948,0.684116532068335,0.855363221945664,1777269196,93845.27,Female
Norte,RONDINHA,5431,5.707972749,3.6825630639,0.5523844596,0,0,0.1841281532,0.793133696656796,0.755397755684278,0.900797019536765,1001958229,96884.51,Female
Norte,SAGRADA FAMILIA,2631,7.2215887495,5.3211706575,0.3800836184,0,0,0,0.728143642750543,0.562482494066501,0.849587784667192,301302198,68223.62,Female
Norte,SANANDUVA,15891,12.5228116544,7.8660877226,0.5034296142,0.0629287018,0.2517148071,0.5034296142,0.666720522632273,0.748990192381443,0.894694662637023,3355650717,116682.94,Female
Norte,SANTA CECILIA DO SUL,1741,9.7645031591,6.3182079265,0.5743825388,0,0,0,0.723725655685029,0.776010449031781,0.867991935518901,3562882974,223305.17,Female
Norte,SANTO ANTONIO DO PALMA,2280,25.8771929825,22.3684210526,0.8771929825,0,0,0,0.744604731808362,0.783410393915764,0.864931488075989,433743051,120338.56,Female
Norte,SANTO ANTONIO DO PLANALTO,2199,7.7307867212,6.366530241,0.4547521601,0,0,0,0.640588933441086,0.714035857533091,0.856822566251827,650699242,162789.82,Female
Norte,SANTO EXPEDITO DO SUL,2485,4.0241448692,3.2193158954,0.4024144869,0,0,0,0.779425298922591,0.620483573636075,0.884025432973663,394747151,90353.59,Female
Norte,SAO DOMINGOS DO SUL,2889,11.7687781239,10.0380754586,0.3461405331,0,0.6922810661,0,0.795646866314881,0.668417999236546,0.867715748356978,390212946,71625.95,Female
Norte,SAO JOAO DA URTIGA,4712,5.9422750424,4.6689303905,0,0,0,0,0.675880430869982,0.634880589881749,0.876654077895121,717583151,89200.62,Female
Norte,SAO JOSE DAS MISSOES,2710,1.8450184502,1.1070110701,0,0.36900369,0,0,0.661479619591475,0.570166464583033,0.845283352915797,333032239,69604.62,Female
Norte,SAO JOSE DO OURO,7234,13.270666298,9.8147636163,1.2441249654,0.1382361073,0.2764722145,0.1382361073,0.734776639145686,0.758375067183469,0.881596480691782,1664082229,142590.51,Female
Norte,SAO PEDRO DAS MISSOES,1961,5.6093829679,3.5696073432,0,0,0,0,0.676561113929776,0.58452747696269,0.853357443419935,287044907,88004.55,Female
Norte,SAO VALENTIM,3677,3.5354908893,2.991569214,0.2719608376,0.2719608376,0,0,0.765700350971223,0.671369023824975,0.832481813711226,617285739,92125.34,Female
Norte,SARANDI,22074,16.5352903869,9.196339585,1.7214822869,0.0453021654,1.3590649633,0.7248346471,0.782604615984493,0.765262235390852,0.84923595997136,4962945716,127885.28,Female
Norte,SEBERI,11137,10.415731346,6.6445182724,0.5387447248,0.2693723624,0.6285355123,0,0.700238127960682,0.661176656793635,0.82221276453278,1725958559,94872.41,Female
Norte,SERAFINA CORREA,15075,10.9452736318,6.9651741294,0.2653399668,0,1.3266998342,0.1990049751,0.78459176148344,0.752855008104756,0.884281123405958,3868938052,149004.41,Female
Norte,SERTAO,6289,11.6075687709,9.0634441088,0.1590077914,0,0,0.1590077914,0.764606044655199,0.785267826559557,0.805401593905165,1621273049,140193.72,Female
Norte,SEVERIANO DE ALMEIDA,3892,9.2497430627,7.7081192189,0,0.2569373073,0,0,0.799736428162979,0.659675510495444,0.86435914658216,610370070,85197.76,Female
Norte,SOLEDADE,30823,30.1722739513,20.8610453233,1.8817117088,0.1946598319,2.206144762,0.8435259384,0.708840619298215,0.642021261278423,0.756210061360127,4389387572,81503.58,Female
Norte,TAPEJARA,21131,24.7976905968,19.1661539918,1.1357720884,0.047323837,0.6152098812,0.4732383702,0.727437623716895,0.766389710665939,0.889192970620433,4682707338,137875.02,Female
Norte,TAPERA,10738,18.0666790836,11.4546470479,1.3037809648,0,1.0243993295,0.3725088471,0.729609818104297,0.722595168305709,0.867628178004794,2955257790,137277.83,Female
Norte,TAQUARUCU DO SUL,3081,5.8422590068,4.2194092827,0.3245699448,0.3245699448,0.6491398896,0,0.602205899673454,0.749109875794548,0.871877547466174,475606108,94210.83,Female
Norte,TENENTE PORTELA,14306,15.5878652314,10.6249126241,0.5592059276,0.0699007409,0.1398014819,0.6990074095,0.713784952099292,0.625832096402501,0.822780161623773,1913946953,78994.93,Female
Norte,TIO HUGO,2900,24.4827586207,16.8965517241,3.1034482759,0,0,0,0.715156986360643,0.708206341564251,0.894114760395478,653586863,128213.85,Female
Norte,TIRADENTES DO SUL,6200,8.064516129,3.5483870968,0.9677419355,0,0.4838709677,0.4838709677,0.708097254971877,0.584625406331519,0.799358075791695,727832254,63269.5,Female
Norte,TRES ARROIOS,2920,15.4109589041,13.698630137,0.3424657534,0,0,0,0.809418998998805,0.891304260231419,0.874453667399241,566048423,125547.14,Female
Norte,TRES PALMEIRAS,4627,7.7804192781,5.8353144586,0.8644910309,0,0,0,0.699111907712956,0.697708736056383,0.832602558184847,701965547,87477.77,Female
Norte,TRES PASSOS,25231,21.5211446237,15.100471642,0.9115770283,0.1189013515,1.1097459474,1.8231540565,0.778651696805223,0.685781818941906,0.812894244955823,4434136218,99574.6,Female
Norte,TRINDADE DO SUL,5879,15.3087259738,9.5254294948,1.1906786869,0.3401939105,0.5102908658,0,0.647911564645552,0.614050978384072,0.824807930550712,842754594,84853.89,Female
Norte,TUNAS,4152,6.7437379576,3.612716763,0,0.2408477842,0.7225433526,0.2408477842,0.618627828030324,0.558726431850627,0.806935864856885,472469715,57796.26,Female
Norte,TUPANCI DO SUL,1492,15.4155495979,12.0643431635,0,0,0,0,0.722932698465285,0.622497241288186,0.901184695117101,285162347,102803.23,Female
Norte,VANINI,2096,10.0190839695,7.6335877863,0.4770992366,0,0,0,0.728584453326881,0.659300322755456,0.903712839829949,374705667,97853.6,Female
Norte,VIADUTOS,5394,10.1965146459,7.786429366,0.1853911754,0,1.1123470523,0,0.715231278007506,0.668424132157387,0.851683617519088,780484376,87256.03,Female
Norte,VICENTE DUTRA,5315,7.9021636877,5.2681091251,0.1881467545,0.1881467545,0,0.1881467545,0.613510581602083,0.545417188668584,0.828648497576601,582086713,60515.33,Female
Norte,VICTOR GRAEFF,3008,12.6329787234,7.6462765957,2.9920212766,0.3324468085,0,0,0.755453135357364,0.861864118735291,0.868932708938047,984232842,171757.9,Female
Norte,VILA LANGARO,2073,6.2711046792,5.7887120116,0,0,0,0,0.657367697280638,0.813371128616411,0.864324977809343,544809356,143114.02,Female
Norte,VILA MARIA,4544,10.5633802817,5.7218309859,1.3204225352,0.2200704225,0,0,0.758211961835094,0.874195413496304,0.871203098495315,1340155505,180078.41,Female
Norte,VISTA ALEGRE,2756,5.0798258345,3.9912917271,0,0,0,0,0.788174149315353,0.705541052536255,0.836095574226944,394529608,80307.22,Female
Norte,VISTA GAUCHA,2839,6.3402606552,4.5790771398,0,0.3522367031,0,0.3522367031,0.749562540001865,0.710709859141635,0.857679038493896,423788021,83987.61,Female
Serra,ALTO FELIZ,2829,5.3022269353,1.7674089784,0.3534817957,0,1.4139271828,0,0.760362271175547,0.700117807682299,0.823044541609391,422933367,82427.6,Female
Serra,ANTONIO PRADO,12754,18.2687784225,14.5836600282,0.4704406461,0,0.7840677435,0.3136270974,0.682837033433973,0.772126011303004,0.859986104829632,2941854542,125388.34,Female
Serra,BENTO GONCALVES,112343,23.4549549149,13.7436244359,2.9018274392,0.1335196674,0.925736361,0.4628681805,0.756180749634711,0.853927714012116,0.886396883639304,37586450133,198353.07,Female
Serra,BOA VISTA DO SUL,3074,6.5061808718,5.8555627846,0,0.3253090436,0,0,0.745640782927178,0.679839906027746,0.877009441684283,525929295,93312.62,Female
Serra,BOM JESUS,11531,18.3852224438,10.4067296852,1.6477322002,0.0867227474,1.0406729685,1.6477322002,0.605594299018349,0.630366780589706,0.787287277998892,1811082737,93898.43,Female
Serra,BOM PRINCIPIO,12662,13.5049755173,6.7129995261,1.5005528353,0.15795293,2.4482704154,0.3948823251,0.74282829415837,0.74412092163113,0.875318927470115,2802140083,134266.64,Female
Serra,CAMPESTRE DA SERRA,3335,12.2938530735,7.796101949,2.6986506747,0,0.299850075,0,0.629135766530335,0.683495380164436,0.857584918452549,744920111,123762.81,Female
Serra,CANELA,42402,29.7155794538,22.1215980378,1.3678600066,0.0943351729,1.2263572473,0.9433517287,0.654332187917947,0.635582356202848,0.814335673943478,5751515381,79991.24,Female
Serra,CARLOS BARBOSA,26407,12.4588177377,8.4447305639,0.8331124323,0.0757374938,0.2272124815,0.0757374938,0.834070807087467,0.935498712147717,0.876115326090217,11651901826,254435.15,Female
Serra,CAXIAS DO SUL,466945,26.5041921425,12.8837443382,5.7951150564,0.1841758665,0.6553234321,0.5546691795,0.699005872340154,0.861003120968735,0.869647174927013,173336140670,219081.95,Female
Serra,CORONEL PILAR,1576,10.7868020305,9.5177664975,0.6345177665,0.6345177665,0,0,0.727063446873354,0.684506570291695,0.886423388728497,299321256,82546.11,Female
Serra,COTIPORA,3896,9.4969199179,6.160164271,0,0,0,0,0.767821818792783,0.696750722975867,0.872538702666385,699314377,90209.39,Female
Serra,ESMERALDA,3187,13.8060872294,11.6096642611,0.6275494195,0,0.6275494195,0,0.708847077358461,0.682722173727459,0.80623224554663,980694035,176062,Female
Serra,FAGUNDES VARELA,2612,8.4226646248,5.3598774885,1.1485451761,0,0,0,0.73478774737835,0.740660121071347,0.910006466222891,563696287,98537.54,Female
Serra,FARROUPILHA,67983,23.9177441419,13.6946001206,2.4712060368,0.1323860377,2.118176603,0.6766397482,0.741471959581599,0.795199859280447,0.862925388131535,20469453457,169450.76,Female
Serra,FELIZ,13296,13.6131167268,7.7466907341,0.8273164862,0,2.1058965102,0.1504211793,0.737085084427954,0.713262953019141,0.84762333139341,2569256821,113870.44,Female
Serra,FLORES DA CUNHA,28627,15.4399692598,10.3049568589,1.3623502288,0.0349320571,1.3274181717,0.3143885143,0.709537584425966,0.831027493218555,0.868208123861952,8333379817,176568.09,Female
Serra,GARIBALDI,31924,14.4718706929,9.4599674226,1.5348953765,0.0313243954,0.501190327,0.2192707681,0.783773925861347,0.893062009553151,0.865846500646243,11547416769,206070.48,Female
Serra,GRAMADO,34943,23.2664625247,16.5698423146,1.2591935438,0.0286180351,1.3736656841,0.7154508771,0.7445228690754,0.818428078041311,0.848695299053154,9832789148,179608.11,Female
Serra,GUABIJU,1514,10.5680317041,7.9260237781,0.6605019815,0,0,0,0.737432348398852,0.818566814048715,0.890046057942623,369590377,126500.05,Female
Serra,GUAPORE,24376,21.6606498195,14.563505087,0.5743354119,0.164095832,1.1486708238,0.7794552018,0.770713798041593,0.739121193125645,0.892928618098957,4630412976,114131.63,Female
Serra,IPE,6152,12.3537061118,10.4031209363,0,0.3250975293,0.3250975293,0.1625487646,0.65745857556269,0.726282128468589,0.822957062484687,1191281985,106715.86,Female
Serra,JAQUIRANA,4012,14.7058823529,11.4656031904,0.7477567298,0,0,0.4985044865,0.496431370991549,0.456945394625888,0.777214692179046,473259359,58703.66,Female
Serra,LINHA NOVA,1657,4.2245021123,1.8105009053,0,0,0.6035003018,0,0.807120322657951,0.719789732955911,0.8877853682122,297837327,96501,Female
Serra,MONTE ALEGRE DOS CAMPOS,3093,10.9925638539,8.0827675396,0.9699321048,0.3233107016,0,0,0.628568215967207,0.459598486855072,0.849897510424575,372455957,62760.5,Female
Serra,MONTE BELO DO SUL,2763,7.2385088672,5.4288816504,1.0857763301,0,0,0,0.790962219162142,0.750558553521083,0.867781825881658,752405572,177342.24,Female
Serra,MUITOS CAPOES,2893,15.2091254753,11.7525060491,0,0.6913238852,0.6913238852,0.3456619426,0.629124967981795,0.828293658170882,0.784498867534472,2396047961,442303.14,Female
Serra,NOVA ARACA,4447,12.1430177648,9.2196986733,1.5740948954,0,0,0,0.771351589586113,0.814052182300334,0.908455454356618,1595947633,198973.73,Female
Serra,NOVA BASSANO,8767,11.7486027147,6.3875898255,0.5703205201,0,0.5703205201,0.2281282081,0.771687472033698,0.926266424092937,0.899052598559913,5507780858,350871.43,Female
Serra,NOVA PADUA,2395,5.0104384134,4.5929018789,0,0,0,0,0.782076939540169,0.684674621158216,0.917733672152851,471269314,92581.12,Female
Serra,NOVA PETROPOLIS,20561,12.0616701522,8.705802247,0.7295365011,0,1.1672584018,0.2431788337,0.844984334867801,0.758371183960004,0.844605905974997,4475243799,129965.19,Female
Serra,NOVA PRATA,24559,13.7627753573,9.6502300582,0.6107740543,0.0407182703,0.5293375137,0.8958019463,0.780889725870638,0.79244304618015,0.854546547755892,8429433717,164557.83,Female
Serra,NOVA ROMA DO SUL,3543,6.4916737228,5.9271803556,0,0.2822466836,0,0,0.740660557495248,0.775322684377036,0.911538608565742,713172974,119880.13,Female
Serra,PARAI,7098,10.7072414765,7.7486615948,0.2817695125,0.1408847563,1.1270780502,0,0.79725990681577,0.800727104970774,0.896999053016128,1741599995,133876.4,Female
Serra,PICADA CAFE,5465,4.9405306496,3.8426349497,0.54894785,0,0,0,0.838733308486186,0.810949684562716,0.830109954579129,2338117292,268919.44,Female
Serra,PINHAL DA SERRA,2259,10.6241699867,8.8534749889,0.4426737494,0.4426737494,0,0,0.681910813041897,0.666919441604454,0.844131573415938,2192357126,701264.57,Female
Serra,PINTO BANDEIRA,2828,4.243281471,3.8896746818,0,0.3536067893,0,0,0.686860967012142,0.557033342320212,0.852379372043167,69026826,25173.09,Female
Serra,PROTASIO ALVES,2123,7.0654733867,4.239284032,0.4710315591,0,0,0,0.78070142786716,0.710118876927452,0.856784702363554,365488127,89975.9,Female
Serra,SANTA TEREZA,1642,7.3081607795,6.0901339829,0,0,0,0,0.696752954227399,0.711123122360644,0.857165079654032,16970309855,140568.28,Female
Serra,SAO JORGE,2553,5.4837446142,5.0920485703,0.3916960439,0,0,0,0.793104559991453,0.720704277194104,0.909069343646905,523515068,98591.61,Female
Serra,SAO JOSE DOS AUSENTES,3317,11.7576123003,9.9487488695,0.6029544769,0,0.3014772385,0,0.622442070133687,0.582848193970305,0.85858628334794,585474434,94134.6,Female
Serra,SAO MARCOS,21057,14.579474759,7.5984233272,1.0447832075,0,1.5196846654,0.5698817495,0.77239212348691,0.742063193657757,0.854305453121048,4264226059,120294.98,Female
Serra,SAO VENDELINO,2145,13.5198135198,6.5268065268,1.3986013986,0,2.331002331,0,0.795102552806322,0.767222554169743,0.88038196117098,483159805,131024.53,Female
Serra,UNIAO DA SERRA,1453,8.9470061941,7.5705437027,0,0,0,0,0.740134460797334,0.799591459512108,0.851722246461536,430942351,127488.3,Female
Serra,VACARIA,65191,23.6689113528,15.9377828228,1.9788007547,0.1687349481,1.0277492292,1.1811446365,0.629749689333627,0.695672346185483,0.769750080600291,12567670013,114432.15,Female
Serra,VALE REAL,5208,9.4086021505,5.1843317972,0.5760368664,0.1920122888,1.7281105991,0.1920122888,0.754715367037168,0.651064839309404,0.873087124879645,703049747,73576.76,Female
Serra,VERANOPOLIS,23672,19.0520446097,13.9827644474,0.8026360257,0,0.6759040216,0.3801960122,0.813853691374569,0.826012514954344,0.896235200628402,7542676863,172586.86,Female
Serra,VILA FLORES,3343,10.170505534,7.7774454083,0.8973975471,0,0,0,0.702238712756846,0.777209095936119,0.910707786672934,1075311456,181457.01,Female
Serra,VISTA ALEGRE DO PRATA,1453,8.2587749484,8.2587749484,0,0,0,0,0.788377333694859,0.82978044958093,0.86467921785233,336840036,120863.29,Female
Sul,ACEGUA,4623,14.2764438676,13.1948950898,0,0.2163097556,0,0,0.650266871656762,0.711062258474219,0.795167850939146,1248230959,158466.19,Female
Sul,AMARAL FERRADOR,6288,7.3155216285,5.7251908397,0.4770992366,0.3180661578,0,0,0.526576107949629,0.500354896331222,0.806250770196507,620562498,51051.99,Female
Sul,ARROIO DO PADRE,2639,6.0629026146,5.3050397878,0,0,0,0,0.626926707694439,0.604808686470922,0.828242013344984,303777075,63697.7,Female
Sul,ARROIO GRANDE,18671,17.1388784746,10.2297680896,0.5891489476,0,2.0352418189,1.7138878475,0.580849993743617,0.616965221782302,0.779391799139487,3343457395,97289.2,Female
Sul,BAGE,122040,18.3382497542,12.0288430023,1.9829564077,0.0655522779,1.8600458866,0.4834480498,0.70085993927449,0.639525138384689,0.783594383581208,15535672554,72556.19,Female
Sul,CANDIOTA,9049,20.002210189,18.5655873577,0,0,0.3315283457,0,0.733187128264385,0.609866358349455,0.7748466486394,4100413014,159273.28,Female
Sul,CANGUCU,54928,9.3941159336,6.8635304398,0.52796388,0.0364113021,0.2002621614,0.2548791145,0.548861912166576,0.55447937751342,0.792526800782426,5680337399,59596.45,Female
Sul,CAPAO DO LEAO,24782,15.1723024776,9.1195222339,2.5018158341,0.0403518683,0.5649261561,0.5649261561,0.550181776257793,0.522315974417782,0.721501533169752,3169673209,68636.36,Female
Sul,CERRITO,6353,10.3887926964,8.9721391469,0.7870297497,0.1574059499,0,0,0.623721242052714,0.495679005884496,0.769097584505611,582434083,50190.24,Female
Sul,CHUI,5610,28.8770053476,23.1729055258,0.7130124777,0.1782531194,2.6737967914,0.5347593583,0.666893932821943,0.626553513025723,0.870940008987611,984914953,89270.32,Female
Sul,CRISTAL,7696,12.603950104,9.2255717256,0.5197505198,0.1299376299,0.5197505198,0.2598752599,0.492074630071408,0.59699995207733,0.799415438717049,1043332022,79427.22,Female
Sul,DOM PEDRITO,39570,14.8344705585,9.8559514784,0.884508466,0.2021733637,0.7328784433,0.6570634319,0.644468555297123,0.659804402790908,0.78336439765441,7616822349,103168.13,Female
Sul,HERVAL,6523,17.1700137973,14.103939905,0,0,0,0,0.506010036465525,0.595085186220876,0.781781082817787,688801336,53586.12,Female
Sul,HULHA NEGRA,6106,11.3003603013,10.6452669505,0,0,0.1637733377,0,0.557975552823156,0.655294605909138,0.804088247793388,887969820,81148.89,Female
Sul,JAGUARAO,28133,13.2939963744,9.2418156613,0.7464543419,0,0.959727011,0.1421817794,0.676238571551642,0.603810870002389,0.78489931137148,3813377228,77134.93,Female
Sul,LAVRAS DO SUL,7470,11.1111111111,8.4337349398,0.1338688086,0,0.8032128514,0.2677376171,0.610959416434549,0.62330133262198,0.731419506186986,1379711467,95105.43,Female
Sul,MORRO REDONDO,6174,9.7181729835,7.4505992873,0.1619695497,0,0,0,0.618312313434752,0.595674673665783,0.76348438490264,660187371,56363.68,T2
Sul,PEDRAS ALTAS,2024,27.6679841897,25.1976284585,0.9881422925,0,0,0,0.659343505240196,0.666709268958754,0.785891213699618,473548494,112830.5,T2
Sul,PEDRO OSORIO,8078,24.7586036148,17.4548155484,3.2186184699,0.2475860361,1.1141371627,0.2475860361,0.602886469505444,0.512634832974785,0.668208870314639,910148056,62081.52,T2
Sul,PELOTAS,342550,29.9810246679,15.5480951686,8.2528098088,0.1547219384,0.5721792439,0.4641658152,0.654164444377888,0.65402722322301,0.73814782762613,48292259559,83279.42,T2
Sul,PINHEIRO MACHADO,12509,23.0234231353,19.1062435047,1.1991366216,0,0.3997122072,0.4796546487,0.603906240367508,0.571165208887963,0.725209576933909,1739317409,76498.32,T2
Sul,PIRATINI,19627,16.9154735823,13.2470576247,0.7642533245,0,0.3057013298,0.4076017731,0.607677549897139,0.531215530200426,0.754528470342092,2235803977,59467.73,T2
Sul,RIO GRANDE,209223,32.0853825822,17.8326474623,7.3605674328,0.1433876773,0.9989341516,1.519909379,0.647210158250184,0.782121640607082,0.755907155669645,56703831576,160979.96,Female
Sul,SANTA VITORIA DO PALMAR,31866,27.5528776753,22.2494194439,2.1025544467,0.0313814097,0.4079583255,0.5021025544,0.621880905294016,0.628440530366076,0.776378460197549,292725959,81299.45,Female
Sul,SANTANA DA BOA VISTA,8038,12.192087584,10.2015426723,0.7464543419,0.124409057,0.124409057,0,0.64709785360175,0.490545746250593,0.744725723129495,5321104186,90797.89,Female
Sul,SAO JOSE DO NORTE,25870,16.4669501353,10.2821801314,1.2756088133,0.1159644376,2.5898724391,1.1209895632,0.531334945970546,0.556411987621912,0.772957843217545,2215173437,47280.35,Female
Sul,SAO LOURENCO DO SUL,43430,12.5719548699,8.1970987796,0.8058945429,0.0230255584,1.9571724614,0.2532811421,0.595343909934751,0.63786441858434,0.802576093731909,5861887380,77139.52,Female
Sul,TURUCU,3593,9.4628444197,8.3495686056,0.2783189535,0,0,0,0.548289519466072,0.601414369973679,0.78216713917463,644476158,82487.23,Female
Vales,ANTA GORDA,6341,6.9389686169,5.6773379593,0,0,0,0,0.749050046059849,0.704565608564753,0.852933064594797,1090710548,101302.03,Female
Vales,ARROIO DO MEIO,19870,16.9099144439,12.229491696,0.8052340211,0.1006542526,1.3085052843,0.0503271263,0.792109299312837,0.800662316384664,0.863922434306838,6241079160,189543.23,Female
Vales,ARROIO DO TIGRE,12508,11.9123760793,7.7550367765,0.319795331,0.0799488327,0,0.2398464982,0.715165449458133,0.667818189245226,0.794879435384944,2167173958,90805.18,Female
Vales,ARVOREZINHA,10301,11.9405882924,7.4750024269,0.6795456752,0.0970779536,0.2912338608,0.2912338608,0.698431751285946,0.625587168887937,0.865916032552896,1398960727,75307.4,Female
Vales,BARROS CASSAL,11051,8.8679757488,5.4293729074,0.7239163877,0.0904895485,0.2714686454,0.1809790969,0.55107306601452,0.511276264829714,0.768759981132107,1216087439,55800.98,Female
Vales,BOM RETIRO DO SUL,12416,11.0341494845,8.2152061856,0.8859536082,0.0805412371,0.4027061856,0.0805412371,0.747145541184173,0.602328076444455,0.818665725496009,1717127611,76033.27,Female
Vales,BOQUEIRAO DO LEAO,7696,7.7962577963,6.237006237,0.3898128898,0,0,0,0.675178212618512,0.604153060806671,0.819228358642102,897667687,60146.93,Female
Vales,CACAPAVA DO SUL,34781,17.7970731146,14.2319082258,1.3513124982,0.0575026595,0.4025186165,0.230010638,0.647180258518006,0.591169006314838,0.750985717046428,4819900631,77346.58,Female
Vales,CACHOEIRA DO SUL,86339,19.0180567299,14.6283834652,1.4014524143,0.0694935081,0.6254415733,0.5212013111,0.693095423352827,0.665731494355418,0.768499971835431,14161333004,94513.1,Female
Vales,CANDELARIA,31238,16.7104168001,11.6524745502,1.1844548307,0.224086049,0.4481720981,0.1920737563,0.5235568870284,0.586164968928617,0.805163724354785,4446261570,78633.62,Female
Vales,CANUDOS DO VALE,1890,4.2328042328,3.1746031746,0.5291005291,0,0,0,0.716221049284882,0.672943188691847,0.848659922208534,276661319,84383.77,Female
Vales,CAPITAO,2927,5.8079945337,4.4414075846,0,0,0.3416467373,0,0.727546444906166,0.696089042280882,0.840045026206348,443396260,84552.81,Female
Vales,CERRO BRANCO,4244,6.5975494816,5.4194156456,0,0,0,0,0.668376271374789,0.558051214807897,0.803445632848085,501768468,60262.12,Female
Vales,COLINAS,2809,13.5279458882,11.7479530082,0.711997152,0,0.355998576,0,0.769860516310599,0.721656433543097,0.913755377415739,451266181,94711.84,Female
Vales,COQUEIRO BAIXO,1534,3.259452412,3.259452412,0,0,0,0,0.692450728542062,0.601320015079086,0.913550159517499,236011098,82672.97,Female
Vales,CRUZEIRO DO SUL,12630,16.3103721298,11.0055423595,2.1377672209,0,0.4750593824,0.1583531275,0.743031564390195,0.694656340833414,0.837790064245207,1955572709,89761.88,Female
Vales,DOIS LAJEADOS,3246,5.2372150339,3.3887861984,0.9242144177,0,0,0,0.810660431237147,0.721018252020714,0.888798052968864,633811534,98222.22,Female
Vales,DR MAURICIO CARDOSO,1888,30.7203389831,26.4830508475,0,0,0,0.5296610169,0.771696586143748,0.737757548913705,0.889438841542654,350607073,98231.5,Female
Vales,ENCANTADO,21460,21.4818266542,15.0046598322,0.8853681267,0,1.3979496738,0.6989748369,0.771938617281801,0.748030061930676,0.877720627187742,5014798544,129442.02,Female
Vales,ENCRUZILHADA DO SUL,25332,21.6327175114,17.5272382757,1.1053213327,0.1973788094,0.1184272856,0.3552818569,0.58991281099137,0.52647797458847,0.754776102794009,2739017699,58638.7,Female
Vales,ESTRELA,32224,21.3505461768,13.6854518371,1.6757696127,0,2.6998510427,0.6827209533,0.761747679723992,0.808065227054791,0.855896737221527,9099225411,172866.31,Female
Vales,ESTRELA VELHA,3493,5.7257371887,3.7217291726,0.2862868594,0.2862868594,0,0,0.701115787983559,0.712258061371166,0.829357674264109,829548087,124763.18,Female
Vales,FAZENDA VILA NOVA,4105,17.7831912302,11.6930572473,1.7052375152,0,2.1924482339,0.4872107186,0.550049343403093,0.67268260129612,0.842403386818514,1051423449,135811.5,Female
Vales,FONTOURA XAVIER,10566,12.6821881507,8.0446715881,0.8517887564,0.0946431952,0.1892863903,0.1892863903,0.587410539759886,0.520493953856999,0.793049721752332,1172568957,59331.79,Female
Vales,FORQUETINHA,2558,7.4276778733,5.8639562158,0.3909304144,0,0.7818608288,0,0.544785921712054,0.569544463264349,0.884542641810443,344794447,71176.81,Female
Vales,GRAMADO XAVIER,3728,4.8283261803,3.7553648069,0,0,0,0,0.589051554716649,0.577462142084898,0.807011067270525,478253340,65996.79,Female
Vales,HERVEIRAS,2881,5.5536272128,4.1652204096,0.3471017008,0,0.3471017008,0,0.55873867827611,0.548169004769472,0.854389685806528,370597282,69813.19,Female
Vales,IBARAMA,4280,12.1495327103,8.8785046729,0.2336448598,0.2336448598,0,0,0.634127477523463,0.581105216390307,0.817053650248468,538992462,64840.86,Teste
Vales,ILOPOLIS,4054,13.8135175136,9.1267883572,1.4800197336,0,0.2466699556,0,0.721171446899615,0.714724990869836,0.887772105730184,705261974,96572.58,Teste
Vales,IMIGRANTE,3297,9.7057931453,6.9760388232,0.3033060358,0,0.3033060358,0,0.772472820650698,0.825771513309806,0.848818433871111,1222104538,241909.44,Teste
Vales,ITAPUCA,2389,12.1389702805,7.5345332775,0,1.2557555463,0.8371703642,0,0.621594413317293,0.610609846063154,0.842654155355876,331460308,78967.97,Teste
Vales,LAGOA BONITA DO SUL,2563,10.5345298478,10.1443620757,0.3901677721,0,0,0,0.59243227782207,0.643086805584158,0.820112928579849,380799227,73939.79,Teste
Vales,LAJEADO,77359,31.5541824481,15.8869685492,4.2270453341,0.1421941856,3.3738802208,1.27974767,0.784850464313524,0.818623192950707,0.865485931533587,23019792875,180702.88,Teste
Vales,MARQUES DE SOUZA,4469,13.2020586261,10.2931304542,0.6712911166,0,0.8950548221,0,0.549155830083462,0.619876831913172,0.872748407488974,540189647,73185.71,Teste
Vales,MATO LEITAO,4281,4.2046250876,2.5694931091,0.7007708479,0,0,0,0.747137321490113,0.662978987351852,0.881595926784598,936345191,140319.45,Teste
Vales,MUCUM,4910,20.7739307536,16.700610998,1.4256619145,0,1.83299389,0.2036659878,0.739926800278662,0.735396312393875,0.859067814072103,1659006838,199245.92,Teste
Vales,NOVA BRESCIA,3429,10.7903178769,6.9991251094,0.5832604258,0,1.4581510645,0.8748906387,0.780369201064785,0.775120554665037,0.872261596480313,637562414,101711.13,Teste
Vales,NOVO CABRAIS,3812,8.6568730325,6.29590766,0.2623294858,0,0,0,0.662103431405078,0.626856735268694,0.797342361642275,526461761,73035.33,Teste
Vales,PANTANO GRANDE,10069,16.188300725,11.9177674049,0.9931472837,0,0.9931472837,0.5958883702,0.560949283637928,0.610530420701972,0.75766377054332,1868217021,104677.83,Teste
Vales,PASSA SETE,4947,12.3307054781,10.9157064888,0,0.4042854255,0,0,0.628306801586464,0.419569671586295,0.833724007574446,617082149,64829.26,Teste
Vales,PASSO DO SOBRADO,6335,14.0489344909,9.7868981847,1.8942383583,0,0.1578531965,0.1578531965,0.685669407437938,0.653340702609788,0.800470224938482,1059703039,96028.13,Teste
Vales,PAVERAMA,8557,8.4141638425,5.3757157882,0.7011803202,0.1168633867,0.3505901601,0.2337267734,0.623323739661822,0.581884273614146,0.849174386714328,1062779757,71355.46,Teste
Vales,POCO DAS ANTAS,2009,6.4708810353,6.4708810353,0,0,0,0,0.73143373229993,0.722942777900727,0.888173879749448,338434236,100127.76,Teste
Vales,POUSO NOVO,1722,11.6144018583,8.7108013937,0,0,0,0,0.702156905139344,0.731666648807876,0.903709457237859,347152306,92995.93,Teste
Vales,PROGRESSO,5703,9.2933543749,6.8385060494,0.7013852358,0,0.175346309,0.175346309,0.743316156641237,0.615124522715365,0.853898322725494,836009973,70899.11,Teste
Vales,PUTINGA,4024,16.1530815109,12.4254473161,0.9940357853,0,0.2485089463,0,0.750853529940895,0.608537187630805,0.882060234404643,694679645,80956.71,Teste
Vales,RELVADO,2078,6.2560153994,6.2560153994,0,0,0,0,0.71466680934774,0.704145485659685,0.877018432728915,351577905,84469.08,Teste
Vales,RIO PARDO,37459,20.6892869537,14.5759363571,1.3080968526,0.0533917083,1.8687097894,0.5072212285,0.684821400079419,0.597824042497072,0.774898861233323,5167227744,75410.62,Teste
Vales,ROCA SALES,10689,14.6879970063,12.0684816166,0.6548788474,0,0,0.3742164842,0.70389877167195,0.749276636835914,0.83648247387922,2270064259,125789.56,Teste
Vales,SANTA CLARA DO SUL,6358,6.7631330607,4.2466184335,0.6291286568,0.3145643284,0.786410821,0.1572821642,0.722912216694849,0.725460971412552,0.848651315435196,418372165,144163.28,Female
Vales,SANTA CRUZ DO SUL,126502,25.707103445,16.6874832018,2.6086544086,0.2134353607,0.5454459218,1.0829868302,0.73420383573765,0.854453061626398,0.835070225744135,1329900984,120188.53,Female
Vales,SAO JOSE DO HERVAL,2123,15.0730098917,8.9495996232,1.8841262365,1.4130946773,0,0.4710315591,0.652201303154266,0.619962727637044,0.771511172819575,321816889,80946.8,Female
Vales,SAO VALENTIM DO SUL,2129,8.9243776421,6.1061531235,0,0,0,0,0.800124423416174,0.698873037381441,0.898575255174637,531031547,91761.45,Male
Vales,SEGREDO,6922,10.1126841953,8.2346142733,0,0,0,0,0.632870653837771,0.540994432051907,0.817069232783115,814341179,62982.61,Male
Vales,SERIO,2214,8.1300813008,7.2267389341,0.4516711834,0,0,0,0.614336114763333,0.55370987873223,0.863129823391084,300694012,69648.81,Male
Vales,SINIMBU,9936,9.8631239936,4.2270531401,0.9057971014,0,0,0,0.571328845047927,0.580873907487388,0.846024228281531,1374467815,69019.26,Male
Vales,SOBRADINHO,14557,30.0886171601,24.0434155389,1.0304320945,0.068695473,0.9617366216,0.8243456756,0.716350035631891,0.650247610151948,0.780014381416093,2288088375,88360.62,Male
Vales,TABAI,4220,10.1895734597,5.4502369668,2.3696682464,0,0,0.2369668246,0.783017383053155,0.590244840248908,0.849746354952781,560922790,71198.19,Male
Vales,TAQUARI,26537,15.2993932999,10.3628895504,0.7913479293,0.0376832347,0.7913479293,0.4898820515,0.722946808925749,0.647396365152012,0.790257416141524,4998690098,96890.44,Male
Vales,TEUTONIA,30090,11.1332668661,7.3113991359,0.8308408109,0,0.3655699568,0.0997008973,0.787663489387964,0.771722351722074,0.867224279739344,7677227355,152919.49,Male
Vales,TRAVESSEIRO,2454,3.2599837001,2.0374898126,0,0,0,0,0.761717424270444,0.712078630072157,0.876097628378297,436959766,107621.04,Male
Vales,VALE DO SOL,11421,10.1567288329,7.2673145959,0.7880220646,0,0,0.1751160144,0.530341130450418,0.469584043179645,0.830390456440523,1780711871,84279.83,Male
Vales,VALE VERDE,3214,12.1344119477,11.2009956441,0.3111387679,0,0.3111387679,0,0.572457470336031,0.530125257474066,0.784038521729852,515162754,83262.05,Male
Vales,VENANCIO AIRES,68638,14.758588537,9.9070485737,1.2383810717,0.1456918908,1.0052740464,0.2039686471,0.670654585084951,0.755342178264727,0.841701924215599,20229685404,162968.44,Male
Vales,VERA CRUZ,25133,14.3237973978,10.9020013528,0.9151315004,0,0.4376715872,0.2785182827,0.733513912968749,0.66418040343469,0.825986896275226,4342581738,99903.76,Male
Vales,VESPASIANO CORREA,1899,7.8988941548,6.3191153239,0.5265929437,0,0,0,0.730964459200962,0.730450011953391,0.852271160236801,416590245,112392.06,Male
Vales,WESTFALIA,3102,7.7369439072,7.4145712444,0,0,0,0,0.760628774674876,0.822140233414884,0.846504588115202,797467499,154839.56,Male
